crop,year,year_start,destination,export_kt,map_name
Wheat,1974-75,1974,World,8197.0,
Wheat,1975-76,1975,World,7872.0,
Wheat,1976-77,1976,World,8177.0,
Wheat,1977-78,1977,World,11132.6,
Wheat,1978-79,1978,World,6931.4,
Wheat,1979-80,1979,World,14953.5,
Wheat,1980-81,1980,World,10648.0,
Wheat,1981-82,1981,World,10991.0,
Wheat,1982-83,1982,World,8324.0,
Wheat,1983-84,1983,World,10600.0,
Wheat,1984-85,1984,World,15720.0,
Wheat,1985-86,1985,World,16162.0,
Wheat,1986-87,1986,Egypt,2142.0,Egypt
Wheat,1986-87,1986,Former Sudan,0.0,
Wheat,1986-87,1986,South Africa,64.0,South Africa
Wheat,1986-87,1986,Bangladesh,131.0,Bangladesh
Wheat,1986-87,1986,China,3179.0,China
Wheat,1986-87,1986,India,0.0,India
Wheat,1986-87,1986,Indonesia,608.0,Indonesia
Wheat,1986-87,1986,Japan,984.0,Japan
Wheat,1986-87,1986,Korea Republic of,794.0,South Korea
Wheat,1986-87,1986,Malaysia,503.0,Malaysia
Wheat,1986-87,1986,Singapore,86.0,Singapore
Wheat,1986-87,1986,Thailand,46.0,Thailand
Wheat,1986-87,1986,"Iran, Islamic Republic of",1746.0,Iran
Wheat,1986-87,1986,Iraq,1034.0,Iraq
Wheat,1986-87,1986,Kuwait,89.0,Kuwait
Wheat,1986-87,1986,Oman,114.0,Oman
Wheat,1986-87,1986,United Arab Emirates,232.0,United Arab Emirates
Wheat,1986-87,1986,Yemen,540.0,Yemen
Wheat,1986-87,1986,Fiji,58.0,Fiji
Wheat,1986-87,1986,New Zealand,45.0,New Zealand
Wheat,1986-87,1986,Papua New Guinea,81.0,Papua New Guinea
Wheat,1986-87,1986,World,14869.0,
Wheat,1987-88,1987,Egypt,994.599,Egypt
Wheat,1987-88,1987,Former Sudan,0.0,
Wheat,1987-88,1987,Mozambique,0.0,Mozambique
Wheat,1987-88,1987,Nigeria,0.0,Nigeria
Wheat,1987-88,1987,South Africa,0.0,South Africa
Wheat,1987-88,1987,Sudan,0.0,Sudan
Wheat,1987-88,1987,"Tanzania, United Republic of",0.0,Tanzania
Wheat,1987-88,1987,Bangladesh,62.504,Bangladesh
Wheat,1987-88,1987,Myanmar,0.0,Myanmar
Wheat,1987-88,1987,China,65.889,China
Wheat,1987-88,1987,India,0.0,India
Wheat,1987-88,1987,Indonesia,424.35,Indonesia
Wheat,1987-88,1987,Japan,434.8,Japan
Wheat,1987-88,1987,Korea Republic of,89.127,South Korea
Wheat,1987-88,1987,Malaysia,242.51,Malaysia
Wheat,1987-88,1987,Philippines,0.555,Philippines
Wheat,1987-88,1987,Singapore,117.343,Singapore
Wheat,1987-88,1987,Taiwan,0.0,Taiwan
Wheat,1987-88,1987,Thailand,17.147,Thailand
Wheat,1987-88,1987,Vietnam,0.0,Vietnam
Wheat,1987-88,1987,"Iran, Islamic Republic of",783.653,Iran
Wheat,1987-88,1987,Iraq,529.562,Iraq
Wheat,1987-88,1987,Kuwait,12.26,Kuwait
Wheat,1987-88,1987,Oman,55.298,Oman
Wheat,1987-88,1987,Saudi Arabia,0.0,Saudi Arabia
Wheat,1987-88,1987,United Arab Emirates,86.446,United Arab Emirates
Wheat,1987-88,1987,Yemen,261.672,Yemen
Wheat,1987-88,1987,Fiji,30.047,Fiji
Wheat,1987-88,1987,New Zealand,72.543,New Zealand
Wheat,1987-88,1987,Papua New Guinea,34.267,Papua New Guinea
Wheat,1987-88,1987,World,12402.0,
Wheat,1988-89,1988,Egypt,1962.644,Egypt
Wheat,1988-89,1988,Former Sudan,0.0,
Wheat,1988-89,1988,Mozambique,0.0,Mozambique
Wheat,1988-89,1988,Nigeria,0.0,Nigeria
Wheat,1988-89,1988,South Africa,0.0,South Africa
Wheat,1988-89,1988,Sudan,0.0,Sudan
Wheat,1988-89,1988,"Tanzania, United Republic of",0.0,Tanzania
Wheat,1988-89,1988,Bangladesh,89.8,Bangladesh
Wheat,1988-89,1988,Myanmar,0.0,Myanmar
Wheat,1988-89,1988,China,1558.647,China
Wheat,1988-89,1988,India,12.8,India
Wheat,1988-89,1988,Indonesia,875.597,Indonesia
Wheat,1988-89,1988,Japan,984.467,Japan
Wheat,1988-89,1988,Korea Republic of,190.555,South Korea
Wheat,1988-89,1988,Malaysia,384.732,Malaysia
Wheat,1988-89,1988,Philippines,0.0,Philippines
Wheat,1988-89,1988,Singapore,98.754,Singapore
Wheat,1988-89,1988,Taiwan,0.0,Taiwan
Wheat,1988-89,1988,Thailand,71.495,Thailand
Wheat,1988-89,1988,Vietnam,0.0,Vietnam
Wheat,1988-89,1988,"Iran, Islamic Republic of",1478.122,Iran
Wheat,1988-89,1988,Iraq,1467.986,Iraq
Wheat,1988-89,1988,Kuwait,0.0,Kuwait
Wheat,1988-89,1988,Oman,125.079,Oman
Wheat,1988-89,1988,Saudi Arabia,0.0,Saudi Arabia
Wheat,1988-89,1988,United Arab Emirates,315.654,United Arab Emirates
Wheat,1988-89,1988,Yemen,316.155,Yemen
Wheat,1988-89,1988,Fiji,55.32,Fiji
Wheat,1988-89,1988,New Zealand,131.597,New Zealand
Wheat,1988-89,1988,Papua New Guinea,64.738,Papua New Guinea
Wheat,1988-89,1988,World,10718.889,
Wheat,1989-90,1989,Egypt,1877.236,Egypt
Wheat,1989-90,1989,Former Sudan,0.0,
Wheat,1989-90,1989,Mozambique,0.0,Mozambique
Wheat,1989-90,1989,Nigeria,0.0,Nigeria
Wheat,1989-90,1989,South Africa,0.0,South Africa
Wheat,1989-90,1989,Sudan,0.0,Sudan
Wheat,1989-90,1989,"Tanzania, United Republic of",0.0,Tanzania
Wheat,1989-90,1989,Bangladesh,75.648,Bangladesh
Wheat,1989-90,1989,Myanmar,0.0,Myanmar
Wheat,1989-90,1989,China,1070.718,China
Wheat,1989-90,1989,India,0.0,India
Wheat,1989-90,1989,Indonesia,763.307,Indonesia
Wheat,1989-90,1989,Japan,1094.769,Japan
Wheat,1989-90,1989,Korea Republic of,230.095,South Korea
Wheat,1989-90,1989,Malaysia,545.825,Malaysia
Wheat,1989-90,1989,Philippines,1.618,Philippines
Wheat,1989-90,1989,Singapore,116.178,Singapore
Wheat,1989-90,1989,Taiwan,0.0,Taiwan
Wheat,1989-90,1989,Thailand,58.719,Thailand
Wheat,1989-90,1989,Vietnam,11.0,Vietnam
Wheat,1989-90,1989,"Iran, Islamic Republic of",1581.696,Iran
Wheat,1989-90,1989,Iraq,1587.695,Iraq
Wheat,1989-90,1989,Kuwait,0.0,Kuwait
Wheat,1989-90,1989,Oman,145.58,Oman
Wheat,1989-90,1989,Saudi Arabia,12.089,Saudi Arabia
Wheat,1989-90,1989,United Arab Emirates,255.266,United Arab Emirates
Wheat,1989-90,1989,Yemen,506.284,Yemen
Wheat,1989-90,1989,Fiji,66.902,Fiji
Wheat,1989-90,1989,New Zealand,168.374,New Zealand
Wheat,1989-90,1989,Papua New Guinea,102.918,Papua New Guinea
Wheat,1989-90,1989,World,11067.506,
Wheat,1990-91,1990,Egypt,1471.504,Egypt
Wheat,1990-91,1990,Former Sudan,0.0,
Wheat,1990-91,1990,Mozambique,0.0,Mozambique
Wheat,1990-91,1990,Nigeria,0.0,Nigeria
Wheat,1990-91,1990,South Africa,186.737,South Africa
Wheat,1990-91,1990,Sudan,0.0,Sudan
Wheat,1990-91,1990,"Tanzania, United Republic of",0.0,Tanzania
Wheat,1990-91,1990,Bangladesh,80.806,Bangladesh
Wheat,1990-91,1990,Myanmar,0.0,Myanmar
Wheat,1990-91,1990,China,1484.729,China
Wheat,1990-91,1990,India,46.016,India
Wheat,1990-91,1990,Indonesia,784.506,Indonesia
Wheat,1990-91,1990,Japan,1046.604,Japan
Wheat,1990-91,1990,Korea Republic of,1200.31,South Korea
Wheat,1990-91,1990,Malaysia,615.48,Malaysia
Wheat,1990-91,1990,Philippines,2.909,Philippines
Wheat,1990-91,1990,Singapore,157.726,Singapore
Wheat,1990-91,1990,Taiwan,0.0,Taiwan
Wheat,1990-91,1990,Thailand,57.431,Thailand
Wheat,1990-91,1990,Vietnam,28.95,Vietnam
Wheat,1990-91,1990,"Iran, Islamic Republic of",1821.027,Iran
Wheat,1990-91,1990,Iraq,33.757,Iraq
Wheat,1990-91,1990,Kuwait,0.0,Kuwait
Wheat,1990-91,1990,Oman,146.726,Oman
Wheat,1990-91,1990,Saudi Arabia,0.0,Saudi Arabia
Wheat,1990-91,1990,United Arab Emirates,251.466,United Arab Emirates
Wheat,1990-91,1990,Yemen,711.626,Yemen
Wheat,1990-91,1990,Fiji,79.597,Fiji
Wheat,1990-91,1990,New Zealand,103.867,New Zealand
Wheat,1990-91,1990,Papua New Guinea,83.011,Papua New Guinea
Wheat,1990-91,1990,World,11951.669,
Wheat,1991-92,1991,Egypt,566.701,Egypt
Wheat,1991-92,1991,Former Sudan,0.0,
Wheat,1991-92,1991,Mozambique,0.0,Mozambique
Wheat,1991-92,1991,Nigeria,0.0,Nigeria
Wheat,1991-92,1991,South Africa,0.0,South Africa
Wheat,1991-92,1991,Sudan,0.0,Sudan
Wheat,1991-92,1991,"Tanzania, United Republic of",0.0,Tanzania
Wheat,1991-92,1991,Bangladesh,63.837,Bangladesh
Wheat,1991-92,1991,Myanmar,0.0,Myanmar
Wheat,1991-92,1991,China,117.045,China
Wheat,1991-92,1991,India,0.0,India
Wheat,1991-92,1991,Indonesia,430.628,Indonesia
Wheat,1991-92,1991,Japan,420.855,Japan
Wheat,1991-92,1991,Korea Republic of,184.492,South Korea
Wheat,1991-92,1991,Malaysia,170.316,Malaysia
Wheat,1991-92,1991,Philippines,4.215,Philippines
Wheat,1991-92,1991,Singapore,73.367,Singapore
Wheat,1991-92,1991,Taiwan,0.0,Taiwan
Wheat,1991-92,1991,Thailand,47.254,Thailand
Wheat,1991-92,1991,Vietnam,38.225,Vietnam
Wheat,1991-92,1991,"Iran, Islamic Republic of",561.075,Iran
Wheat,1991-92,1991,Iraq,220.0,Iraq
Wheat,1991-92,1991,Kuwait,0.0,Kuwait
Wheat,1991-92,1991,Oman,40.06,Oman
Wheat,1991-92,1991,Saudi Arabia,0.0,Saudi Arabia
Wheat,1991-92,1991,United Arab Emirates,57.14,United Arab Emirates
Wheat,1991-92,1991,Yemen,226.325,Yemen
Wheat,1991-92,1991,Fiji,35.139,Fiji
Wheat,1991-92,1991,New Zealand,51.581,New Zealand
Wheat,1991-92,1991,Papua New Guinea,54.793,Papua New Guinea
Wheat,1991-92,1991,World,8097.044,
Wheat,1992-93,1992,Egypt,0.0,Egypt
Wheat,1992-93,1992,Former Sudan,0.0,
Wheat,1992-93,1992,Mozambique,0.0,Mozambique
Wheat,1992-93,1992,Nigeria,0.0,Nigeria
Wheat,1992-93,1992,South Africa,0.0,South Africa
Wheat,1992-93,1992,Sudan,0.0,Sudan
Wheat,1992-93,1992,"Tanzania, United Republic of",0.0,Tanzania
Wheat,1992-93,1992,Bangladesh,0.0,Bangladesh
Wheat,1992-93,1992,Myanmar,0.0,Myanmar
Wheat,1992-93,1992,China,0.0,China
Wheat,1992-93,1992,India,0.0,India
Wheat,1992-93,1992,Indonesia,0.6,Indonesia
Wheat,1992-93,1992,Japan,0.043,Japan
Wheat,1992-93,1992,Korea Republic of,0.0,South Korea
Wheat,1992-93,1992,Malaysia,0.0,Malaysia
Wheat,1992-93,1992,Philippines,0.0,Philippines
Wheat,1992-93,1992,Singapore,0.0,Singapore
Wheat,1992-93,1992,Taiwan,0.0,Taiwan
Wheat,1992-93,1992,Thailand,0.0,Thailand
Wheat,1992-93,1992,Vietnam,0.0,Vietnam
Wheat,1992-93,1992,"Iran, Islamic Republic of",0.0,Iran
Wheat,1992-93,1992,Iraq,0.0,Iraq
Wheat,1992-93,1992,Kuwait,0.0,Kuwait
Wheat,1992-93,1992,Oman,0.0,Oman
Wheat,1992-93,1992,Saudi Arabia,0.0,Saudi Arabia
Wheat,1992-93,1992,United Arab Emirates,0.0,United Arab Emirates
Wheat,1992-93,1992,Yemen,0.0,Yemen
Wheat,1992-93,1992,Fiji,0.0,Fiji
Wheat,1992-93,1992,New Zealand,0.512,New Zealand
Wheat,1992-93,1992,Papua New Guinea,0.0,Papua New Guinea
Wheat,1992-93,1992,World,9487.429,
Wheat,1993-94,1993,Egypt,0.0,Egypt
Wheat,1993-94,1993,Former Sudan,0.0,
Wheat,1993-94,1993,Mozambique,0.0,Mozambique
Wheat,1993-94,1993,Nigeria,0.0,Nigeria
Wheat,1993-94,1993,South Africa,0.0,South Africa
Wheat,1993-94,1993,Sudan,0.0,Sudan
Wheat,1993-94,1993,"Tanzania, United Republic of",0.0,Tanzania
Wheat,1993-94,1993,Bangladesh,0.0,Bangladesh
Wheat,1993-94,1993,Myanmar,0.0,Myanmar
Wheat,1993-94,1993,China,0.0,China
Wheat,1993-94,1993,India,0.0,India
Wheat,1993-94,1993,Indonesia,0.0,Indonesia
Wheat,1993-94,1993,Japan,0.0,Japan
Wheat,1993-94,1993,Korea Republic of,0.0,South Korea
Wheat,1993-94,1993,Malaysia,0.0,Malaysia
Wheat,1993-94,1993,Philippines,0.0,Philippines
Wheat,1993-94,1993,Singapore,0.0,Singapore
Wheat,1993-94,1993,Taiwan,3.0,Taiwan
Wheat,1993-94,1993,Thailand,0.0,Thailand
Wheat,1993-94,1993,Vietnam,0.0,Vietnam
Wheat,1993-94,1993,"Iran, Islamic Republic of",0.0,Iran
Wheat,1993-94,1993,Iraq,0.0,Iraq
Wheat,1993-94,1993,Kuwait,0.0,Kuwait
Wheat,1993-94,1993,Oman,0.0,Oman
Wheat,1993-94,1993,Saudi Arabia,0.0,Saudi Arabia
Wheat,1993-94,1993,United Arab Emirates,0.0,United Arab Emirates
Wheat,1993-94,1993,Yemen,0.0,Yemen
Wheat,1993-94,1993,Fiji,0.0,Fiji
Wheat,1993-94,1993,New Zealand,2.535,New Zealand
Wheat,1993-94,1993,Papua New Guinea,0.0,Papua New Guinea
Wheat,1993-94,1993,World,12867.94,
Wheat,1994-95,1994,Egypt,0.0,Egypt
Wheat,1994-95,1994,Former Sudan,0.0,
Wheat,1994-95,1994,Mozambique,0.0,Mozambique
Wheat,1994-95,1994,Nigeria,0.0,Nigeria
Wheat,1994-95,1994,South Africa,0.0,South Africa
Wheat,1994-95,1994,Sudan,0.0,Sudan
Wheat,1994-95,1994,"Tanzania, United Republic of",0.0,Tanzania
Wheat,1994-95,1994,Bangladesh,0.0,Bangladesh
Wheat,1994-95,1994,Myanmar,0.0,Myanmar
Wheat,1994-95,1994,China,0.0,China
Wheat,1994-95,1994,India,0.0,India
Wheat,1994-95,1994,Indonesia,0.0,Indonesia
Wheat,1994-95,1994,Japan,0.0,Japan
Wheat,1994-95,1994,Korea Republic of,0.0,South Korea
Wheat,1994-95,1994,Malaysia,0.0,Malaysia
Wheat,1994-95,1994,Philippines,0.0,Philippines
Wheat,1994-95,1994,Singapore,0.0,Singapore
Wheat,1994-95,1994,Taiwan,0.0,Taiwan
Wheat,1994-95,1994,Thailand,0.0,Thailand
Wheat,1994-95,1994,Vietnam,0.0,Vietnam
Wheat,1994-95,1994,"Iran, Islamic Republic of",0.0,Iran
Wheat,1994-95,1994,Iraq,0.0,Iraq
Wheat,1994-95,1994,Kuwait,0.0,Kuwait
Wheat,1994-95,1994,Oman,0.0,Oman
Wheat,1994-95,1994,Saudi Arabia,0.0,Saudi Arabia
Wheat,1994-95,1994,United Arab Emirates,0.0,United Arab Emirates
Wheat,1994-95,1994,Yemen,0.0,Yemen
Wheat,1994-95,1994,Fiji,0.0,Fiji
Wheat,1994-95,1994,New Zealand,0.12,New Zealand
Wheat,1994-95,1994,Papua New Guinea,0.0,Papua New Guinea
Wheat,1994-95,1994,World,7856.43,
Wheat,1995-96,1995,Egypt,744.458,Egypt
Wheat,1995-96,1995,Former Sudan,0.0,
Wheat,1995-96,1995,Mozambique,22.2,Mozambique
Wheat,1995-96,1995,Nigeria,0.0,Nigeria
Wheat,1995-96,1995,South Africa,119.171,South Africa
Wheat,1995-96,1995,Sudan,0.0,Sudan
Wheat,1995-96,1995,"Tanzania, United Republic of",47.965,Tanzania
Wheat,1995-96,1995,Bangladesh,145.19,Bangladesh
Wheat,1995-96,1995,Myanmar,0.004,Myanmar
Wheat,1995-96,1995,China,2237.142,China
Wheat,1995-96,1995,India,25.0,India
Wheat,1995-96,1995,Indonesia,1695.666,Indonesia
Wheat,1995-96,1995,Japan,1132.924,Japan
Wheat,1995-96,1995,Korea Republic of,700.11,South Korea
Wheat,1995-96,1995,Malaysia,676.432,Malaysia
Wheat,1995-96,1995,Philippines,48.058,Philippines
Wheat,1995-96,1995,Singapore,65.535,Singapore
Wheat,1995-96,1995,Taiwan,34.65,Taiwan
Wheat,1995-96,1995,Thailand,239.298,Thailand
Wheat,1995-96,1995,Vietnam,100.247,Vietnam
Wheat,1995-96,1995,"Iran, Islamic Republic of",1578.808,Iran
Wheat,1995-96,1995,Iraq,50.303,Iraq
Wheat,1995-96,1995,Kuwait,134.732,Kuwait
Wheat,1995-96,1995,Oman,188.268,Oman
Wheat,1995-96,1995,Saudi Arabia,0.0,Saudi Arabia
Wheat,1995-96,1995,United Arab Emirates,203.858,United Arab Emirates
Wheat,1995-96,1995,Yemen,255.85,Yemen
Wheat,1995-96,1995,Fiji,59.107,Fiji
Wheat,1995-96,1995,New Zealand,155.513,New Zealand
Wheat,1995-96,1995,Papua New Guinea,87.293,Papua New Guinea
Wheat,1995-96,1995,World,11998.315,
Wheat,1996-97,1996,Egypt,1665.295,Egypt
Wheat,1996-97,1996,Former Sudan,89.107,
Wheat,1996-97,1996,Mozambique,45.022,Mozambique
Wheat,1996-97,1996,Nigeria,31.5,Nigeria
Wheat,1996-97,1996,South Africa,229.429,South Africa
Wheat,1996-97,1996,Sudan,0.0,Sudan
Wheat,1996-97,1996,"Tanzania, United Republic of",76.941,Tanzania
Wheat,1996-97,1996,Bangladesh,273.299,Bangladesh
Wheat,1996-97,1996,Myanmar,0.0,Myanmar
Wheat,1996-97,1996,China,147.717,China
Wheat,1996-97,1996,India,1390.085,India
Wheat,1996-97,1996,Indonesia,2334.347,Indonesia
Wheat,1996-97,1996,Japan,1298.072,Japan
Wheat,1996-97,1996,Korea Republic of,697.928,South Korea
Wheat,1996-97,1996,Malaysia,728.555,Malaysia
Wheat,1996-97,1996,Philippines,165.056,Philippines
Wheat,1996-97,1996,Singapore,63.101,Singapore
Wheat,1996-97,1996,Taiwan,63.026,Taiwan
Wheat,1996-97,1996,Thailand,183.835,Thailand
Wheat,1996-97,1996,Vietnam,88.299,Vietnam
Wheat,1996-97,1996,"Iran, Islamic Republic of",3631.998,Iran
Wheat,1996-97,1996,Iraq,583.601,Iraq
Wheat,1996-97,1996,Kuwait,206.895,Kuwait
Wheat,1996-97,1996,Oman,220.596,Oman
Wheat,1996-97,1996,Saudi Arabia,0.0,Saudi Arabia
Wheat,1996-97,1996,United Arab Emirates,375.954,United Arab Emirates
Wheat,1996-97,1996,Yemen,469.772,Yemen
Wheat,1996-97,1996,Fiji,68.374,Fiji
Wheat,1996-97,1996,New Zealand,169.159,New Zealand
Wheat,1996-97,1996,Papua New Guinea,96.712,Papua New Guinea
Wheat,1996-97,1996,World,18238.631,
Wheat,1997-98,1997,Egypt,619.22,Egypt
Wheat,1997-98,1997,Former Sudan,107.722,
Wheat,1997-98,1997,Mozambique,37.15,Mozambique
Wheat,1997-98,1997,Nigeria,20.0,Nigeria
Wheat,1997-98,1997,South Africa,130.931,South Africa
Wheat,1997-98,1997,Sudan,0.0,Sudan
Wheat,1997-98,1997,"Tanzania, United Republic of",78.715,Tanzania
Wheat,1997-98,1997,Bangladesh,185.311,Bangladesh
Wheat,1997-98,1997,Myanmar,6.958,Myanmar
Wheat,1997-98,1997,China,165.974,China
Wheat,1997-98,1997,India,1941.32,India
Wheat,1997-98,1997,Indonesia,2355.287,Indonesia
Wheat,1997-98,1997,Japan,1164.838,Japan
Wheat,1997-98,1997,Korea Republic of,770.807,South Korea
Wheat,1997-98,1997,Malaysia,678.665,Malaysia
Wheat,1997-98,1997,Philippines,18.497,Philippines
Wheat,1997-98,1997,Singapore,80.188,Singapore
Wheat,1997-98,1997,Taiwan,27.3,Taiwan
Wheat,1997-98,1997,Thailand,293.12,Thailand
Wheat,1997-98,1997,Vietnam,228.95,Vietnam
Wheat,1997-98,1997,"Iran, Islamic Republic of",486.04,Iran
Wheat,1997-98,1997,Iraq,1274.863,Iraq
Wheat,1997-98,1997,Kuwait,111.296,Kuwait
Wheat,1997-98,1997,Oman,345.38,Oman
Wheat,1997-98,1997,Saudi Arabia,0.0,Saudi Arabia
Wheat,1997-98,1997,United Arab Emirates,355.167,United Arab Emirates
Wheat,1997-98,1997,Yemen,619.948,Yemen
Wheat,1997-98,1997,Fiji,66.605,Fiji
Wheat,1997-98,1997,New Zealand,102.361,New Zealand
Wheat,1997-98,1997,Papua New Guinea,124.223,Papua New Guinea
Wheat,1997-98,1997,World,15096.582,
Wheat,1998-99,1998,Egypt,1491.259,Egypt
Wheat,1998-99,1998,Former Sudan,195.341,
Wheat,1998-99,1998,Mozambique,20.075,Mozambique
Wheat,1998-99,1998,Nigeria,0.0,Nigeria
Wheat,1998-99,1998,South Africa,196.094,South Africa
Wheat,1998-99,1998,Sudan,0.0,Sudan
Wheat,1998-99,1998,"Tanzania, United Republic of",186.896,Tanzania
Wheat,1998-99,1998,Bangladesh,366.477,Bangladesh
Wheat,1998-99,1998,Myanmar,1.505,Myanmar
Wheat,1998-99,1998,China,176.235,China
Wheat,1998-99,1998,India,586.321,India
Wheat,1998-99,1998,Indonesia,1673.493,Indonesia
Wheat,1998-99,1998,Japan,1107.896,Japan
Wheat,1998-99,1998,Korea Republic of,1137.679,South Korea
Wheat,1998-99,1998,Malaysia,837.208,Malaysia
Wheat,1998-99,1998,Philippines,187.242,Philippines
Wheat,1998-99,1998,Singapore,108.923,Singapore
Wheat,1998-99,1998,Taiwan,31.5,Taiwan
Wheat,1998-99,1998,Thailand,315.96,Thailand
Wheat,1998-99,1998,Vietnam,386.613,Vietnam
Wheat,1998-99,1998,"Iran, Islamic Republic of",1608.255,Iran
Wheat,1998-99,1998,Iraq,1179.344,Iraq
Wheat,1998-99,1998,Kuwait,228.833,Kuwait
Wheat,1998-99,1998,Oman,187.254,Oman
Wheat,1998-99,1998,Saudi Arabia,0.061,Saudi Arabia
Wheat,1998-99,1998,United Arab Emirates,519.434,United Arab Emirates
Wheat,1998-99,1998,Yemen,529.497,Yemen
Wheat,1998-99,1998,Fiji,74.356,Fiji
Wheat,1998-99,1998,New Zealand,99.888,New Zealand
Wheat,1998-99,1998,Papua New Guinea,114.763,Papua New Guinea
Wheat,1998-99,1998,World,16189.312,
Wheat,1999-00,1999,Egypt,991.767,Egypt
Wheat,1999-00,1999,Former Sudan,283.464,
Wheat,1999-00,1999,Mozambique,19.0,Mozambique
Wheat,1999-00,1999,Nigeria,0.0,Nigeria
Wheat,1999-00,1999,South Africa,189.091,South Africa
Wheat,1999-00,1999,Sudan,0.0,Sudan
Wheat,1999-00,1999,"Tanzania, United Republic of",196.96,Tanzania
Wheat,1999-00,1999,Bangladesh,476.095,Bangladesh
Wheat,1999-00,1999,Myanmar,6.304,Myanmar
Wheat,1999-00,1999,China,136.346,China
Wheat,1999-00,1999,India,441.922,India
Wheat,1999-00,1999,Indonesia,1786.221,Indonesia
Wheat,1999-00,1999,Japan,1187.759,Japan
Wheat,1999-00,1999,Korea Republic of,1148.067,South Korea
Wheat,1999-00,1999,Malaysia,789.945,Malaysia
Wheat,1999-00,1999,Philippines,376.015,Philippines
Wheat,1999-00,1999,Singapore,86.003,Singapore
Wheat,1999-00,1999,Taiwan,79.046,Taiwan
Wheat,1999-00,1999,Thailand,281.885,Thailand
Wheat,1999-00,1999,Vietnam,412.079,Vietnam
Wheat,1999-00,1999,"Iran, Islamic Republic of",1519.553,Iran
Wheat,1999-00,1999,Iraq,2265.125,Iraq
Wheat,1999-00,1999,Kuwait,175.64,Kuwait
Wheat,1999-00,1999,Oman,375.94,Oman
Wheat,1999-00,1999,Saudi Arabia,0.039,Saudi Arabia
Wheat,1999-00,1999,United Arab Emirates,527.516,United Arab Emirates
Wheat,1999-00,1999,Yemen,587.622,Yemen
Wheat,1999-00,1999,Fiji,82.606,Fiji
Wheat,1999-00,1999,New Zealand,153.528,New Zealand
Wheat,1999-00,1999,Papua New Guinea,148.015,Papua New Guinea
Wheat,1999-00,1999,World,17083.147,
Wheat,2000-01,2000,Egypt,949.22,Egypt
Wheat,2000-01,2000,Former Sudan,389.382,
Wheat,2000-01,2000,Mozambique,20.865,Mozambique
Wheat,2000-01,2000,Nigeria,0.0,Nigeria
Wheat,2000-01,2000,South Africa,140.48,South Africa
Wheat,2000-01,2000,Sudan,0.0,Sudan
Wheat,2000-01,2000,"Tanzania, United Republic of",337.781,Tanzania
Wheat,2000-01,2000,Bangladesh,252.318,Bangladesh
Wheat,2000-01,2000,Myanmar,16.603,Myanmar
Wheat,2000-01,2000,China,59.659,China
Wheat,2000-01,2000,India,6.519,India
Wheat,2000-01,2000,Indonesia,2113.575,Indonesia
Wheat,2000-01,2000,Japan,1158.023,Japan
Wheat,2000-01,2000,Korea Republic of,1138.626,South Korea
Wheat,2000-01,2000,Malaysia,774.351,Malaysia
Wheat,2000-01,2000,Philippines,146.806,Philippines
Wheat,2000-01,2000,Singapore,89.545,Singapore
Wheat,2000-01,2000,Taiwan,46.741,Taiwan
Wheat,2000-01,2000,Thailand,260.721,Thailand
Wheat,2000-01,2000,Vietnam,466.534,Vietnam
Wheat,2000-01,2000,"Iran, Islamic Republic of",2351.664,Iran
Wheat,2000-01,2000,Iraq,2586.861,Iraq
Wheat,2000-01,2000,Kuwait,180.193,Kuwait
Wheat,2000-01,2000,Oman,136.262,Oman
Wheat,2000-01,2000,Saudi Arabia,0.0,Saudi Arabia
Wheat,2000-01,2000,United Arab Emirates,398.389,United Arab Emirates
Wheat,2000-01,2000,Yemen,507.321,Yemen
Wheat,2000-01,2000,Fiji,90.573,Fiji
Wheat,2000-01,2000,New Zealand,184.754,New Zealand
Wheat,2000-01,2000,Papua New Guinea,135.938,Papua New Guinea
Wheat,2000-01,2000,World,16394.194,
Wheat,2001-02,2001,Egypt,1679.374,Egypt
Wheat,2001-02,2001,Former Sudan,450.462,
Wheat,2001-02,2001,Mozambique,9.99,Mozambique
Wheat,2001-02,2001,Nigeria,0.0,Nigeria
Wheat,2001-02,2001,South Africa,97.705,South Africa
Wheat,2001-02,2001,Sudan,0.0,Sudan
Wheat,2001-02,2001,"Tanzania, United Republic of",325.465,Tanzania
Wheat,2001-02,2001,Bangladesh,132.855,Bangladesh
Wheat,2001-02,2001,Myanmar,39.957,Myanmar
Wheat,2001-02,2001,China,45.995,China
Wheat,2001-02,2001,India,0.0,India
Wheat,2001-02,2001,Indonesia,1989.996,Indonesia
Wheat,2001-02,2001,Japan,1187.32,Japan
Wheat,2001-02,2001,Korea Republic of,952.389,South Korea
Wheat,2001-02,2001,Malaysia,679.455,Malaysia
Wheat,2001-02,2001,Philippines,83.113,Philippines
Wheat,2001-02,2001,Singapore,86.054,Singapore
Wheat,2001-02,2001,Taiwan,36.786,Taiwan
Wheat,2001-02,2001,Thailand,273.213,Thailand
Wheat,2001-02,2001,Vietnam,408.769,Vietnam
Wheat,2001-02,2001,"Iran, Islamic Republic of",2410.615,Iran
Wheat,2001-02,2001,Iraq,2245.096,Iraq
Wheat,2001-02,2001,Kuwait,230.316,Kuwait
Wheat,2001-02,2001,Oman,113.788,Oman
Wheat,2001-02,2001,Saudi Arabia,0.0,Saudi Arabia
Wheat,2001-02,2001,United Arab Emirates,226.091,United Arab Emirates
Wheat,2001-02,2001,Yemen,450.113,Yemen
Wheat,2001-02,2001,Fiji,100.193,Fiji
Wheat,2001-02,2001,New Zealand,293.01,New Zealand
Wheat,2001-02,2001,Papua New Guinea,109.713,Papua New Guinea
Wheat,2001-02,2001,World,16205.434,
Wheat,2002-03,2002,Egypt,601.889,Egypt
Wheat,2002-03,2002,Former Sudan,452.167,
Wheat,2002-03,2002,Mozambique,48.425,Mozambique
Wheat,2002-03,2002,Nigeria,0.0,Nigeria
Wheat,2002-03,2002,South Africa,47.871,South Africa
Wheat,2002-03,2002,Sudan,0.0,Sudan
Wheat,2002-03,2002,"Tanzania, United Republic of",128.493,Tanzania
Wheat,2002-03,2002,Bangladesh,129.547,Bangladesh
Wheat,2002-03,2002,Myanmar,8.103,Myanmar
Wheat,2002-03,2002,China,37.77,China
Wheat,2002-03,2002,India,0.0,India
Wheat,2002-03,2002,Indonesia,1577.911,Indonesia
Wheat,2002-03,2002,Japan,1122.827,Japan
Wheat,2002-03,2002,Korea Republic of,1013.901,South Korea
Wheat,2002-03,2002,Malaysia,368.725,Malaysia
Wheat,2002-03,2002,Philippines,89.087,Philippines
Wheat,2002-03,2002,Singapore,60.378,Singapore
Wheat,2002-03,2002,Taiwan,113.122,Taiwan
Wheat,2002-03,2002,Thailand,284.045,Thailand
Wheat,2002-03,2002,Vietnam,253.37,Vietnam
Wheat,2002-03,2002,"Iran, Islamic Republic of",1064.03,Iran
Wheat,2002-03,2002,Iraq,1037.171,Iraq
Wheat,2002-03,2002,Kuwait,174.714,Kuwait
Wheat,2002-03,2002,Oman,26.724,Oman
Wheat,2002-03,2002,Saudi Arabia,0.0,Saudi Arabia
Wheat,2002-03,2002,United Arab Emirates,142.365,United Arab Emirates
Wheat,2002-03,2002,Yemen,411.828,Yemen
Wheat,2002-03,2002,Fiji,117.676,Fiji
Wheat,2002-03,2002,New Zealand,296.462,New Zealand
Wheat,2002-03,2002,Papua New Guinea,129.566,Papua New Guinea
Wheat,2002-03,2002,World,10648.824,
Wheat,2003-04,2003,Egypt,2534.344,Egypt
Wheat,2003-04,2003,Former Sudan,676.035,
Wheat,2003-04,2003,Mozambique,0.0,Mozambique
Wheat,2003-04,2003,Nigeria,0.0,Nigeria
Wheat,2003-04,2003,South Africa,247.159,South Africa
Wheat,2003-04,2003,Sudan,0.0,Sudan
Wheat,2003-04,2003,"Tanzania, United Republic of",124.084,Tanzania
Wheat,2003-04,2003,Bangladesh,141.397,Bangladesh
Wheat,2003-04,2003,Myanmar,24.233,Myanmar
Wheat,2003-04,2003,China,749.955,China
Wheat,2003-04,2003,India,0.0,India
Wheat,2003-04,2003,Indonesia,2491.818,Indonesia
Wheat,2003-04,2003,Japan,1238.514,Japan
Wheat,2003-04,2003,Korea Republic of,1064.892,South Korea
Wheat,2003-04,2003,Malaysia,736.117,Malaysia
Wheat,2003-04,2003,Philippines,147.236,Philippines
Wheat,2003-04,2003,Singapore,47.599,Singapore
Wheat,2003-04,2003,Taiwan,47.606,Taiwan
Wheat,2003-04,2003,Thailand,417.007,Thailand
Wheat,2003-04,2003,Vietnam,406.396,Vietnam
Wheat,2003-04,2003,"Iran, Islamic Republic of",0.0,Iran
Wheat,2003-04,2003,Iraq,1110.796,Iraq
Wheat,2003-04,2003,Kuwait,258.862,Kuwait
Wheat,2003-04,2003,Oman,90.725,Oman
Wheat,2003-04,2003,Saudi Arabia,0.01,Saudi Arabia
Wheat,2003-04,2003,United Arab Emirates,196.35,United Arab Emirates
Wheat,2003-04,2003,Yemen,197.577,Yemen
Wheat,2003-04,2003,Fiji,121.579,Fiji
Wheat,2003-04,2003,New Zealand,304.69,New Zealand
Wheat,2003-04,2003,Papua New Guinea,98.272,Papua New Guinea
Wheat,2003-04,2003,World,14832.001,
Wheat,2004-05,2004,Egypt,751.675,Egypt
Wheat,2004-05,2004,Former Sudan,758.025,
Wheat,2004-05,2004,Mozambique,0.0,Mozambique
Wheat,2004-05,2004,Nigeria,0.0,Nigeria
Wheat,2004-05,2004,South Africa,183.377,South Africa
Wheat,2004-05,2004,Sudan,0.0,Sudan
Wheat,2004-05,2004,"Tanzania, United Republic of",61.873,Tanzania
Wheat,2004-05,2004,Bangladesh,162.013,Bangladesh
Wheat,2004-05,2004,Myanmar,88.909,Myanmar
Wheat,2004-05,2004,China,1882.622,China
Wheat,2004-05,2004,India,0.0,India
Wheat,2004-05,2004,Indonesia,2501.448,Indonesia
Wheat,2004-05,2004,Japan,1170.765,Japan
Wheat,2004-05,2004,Korea Republic of,1208.196,South Korea
Wheat,2004-05,2004,Malaysia,887.402,Malaysia
Wheat,2004-05,2004,Philippines,130.879,Philippines
Wheat,2004-05,2004,Singapore,115.733,Singapore
Wheat,2004-05,2004,Taiwan,120.354,Taiwan
Wheat,2004-05,2004,Thailand,465.066,Thailand
Wheat,2004-05,2004,Vietnam,529.377,Vietnam
Wheat,2004-05,2004,"Iran, Islamic Republic of",0.0,Iran
Wheat,2004-05,2004,Iraq,1549.833,Iraq
Wheat,2004-05,2004,Kuwait,305.172,Kuwait
Wheat,2004-05,2004,Oman,63.492,Oman
Wheat,2004-05,2004,Saudi Arabia,0.0,Saudi Arabia
Wheat,2004-05,2004,United Arab Emirates,237.089,United Arab Emirates
Wheat,2004-05,2004,Yemen,314.341,Yemen
Wheat,2004-05,2004,Fiji,131.234,Fiji
Wheat,2004-05,2004,New Zealand,332.133,New Zealand
Wheat,2004-05,2004,Papua New Guinea,133.927,Papua New Guinea
Wheat,2004-05,2004,World,15441.159,
Wheat,2005-06,2005,Egypt,1818.047,Egypt
Wheat,2005-06,2005,Former Sudan,1073.438,
Wheat,2005-06,2005,Mozambique,23.161,Mozambique
Wheat,2005-06,2005,Nigeria,0.0,Nigeria
Wheat,2005-06,2005,South Africa,84.94,South Africa
Wheat,2005-06,2005,Sudan,0.0,Sudan
Wheat,2005-06,2005,"Tanzania, United Republic of",0.0,Tanzania
Wheat,2005-06,2005,Bangladesh,179.248,Bangladesh
Wheat,2005-06,2005,Myanmar,108.139,Myanmar
Wheat,2005-06,2005,China,302.163,China
Wheat,2005-06,2005,India,93.191,India
Wheat,2005-06,2005,Indonesia,2764.342,Indonesia
Wheat,2005-06,2005,Japan,1105.646,Japan
Wheat,2005-06,2005,Korea Republic of,999.636,South Korea
Wheat,2005-06,2005,Malaysia,779.487,Malaysia
Wheat,2005-06,2005,Philippines,117.709,Philippines
Wheat,2005-06,2005,Singapore,68.056,Singapore
Wheat,2005-06,2005,Taiwan,174.893,Taiwan
Wheat,2005-06,2005,Thailand,530.413,Thailand
Wheat,2005-06,2005,Vietnam,680.617,Vietnam
Wheat,2005-06,2005,"Iran, Islamic Republic of",424.724,Iran
Wheat,2005-06,2005,Iraq,714.999,Iraq
Wheat,2005-06,2005,Kuwait,341.354,Kuwait
Wheat,2005-06,2005,Oman,85.615,Oman
Wheat,2005-06,2005,Saudi Arabia,0.0,Saudi Arabia
Wheat,2005-06,2005,United Arab Emirates,525.4,United Arab Emirates
Wheat,2005-06,2005,Yemen,499.186,Yemen
Wheat,2005-06,2005,Fiji,131.234,Fiji
Wheat,2005-06,2005,New Zealand,305.948,New Zealand
Wheat,2005-06,2005,Papua New Guinea,154.05,Papua New Guinea
Wheat,2005-06,2005,World,14871.09,
Wheat,2006-07,2006,Egypt,251.038,Egypt
Wheat,2006-07,2006,Former Sudan,653.678,
Wheat,2006-07,2006,Mozambique,0.0,Mozambique
Wheat,2006-07,2006,Nigeria,64.068,Nigeria
Wheat,2006-07,2006,South Africa,0.0,South Africa
Wheat,2006-07,2006,Sudan,0.0,Sudan
Wheat,2006-07,2006,"Tanzania, United Republic of",0.0,Tanzania
Wheat,2006-07,2006,Bangladesh,2.763,Bangladesh
Wheat,2006-07,2006,Myanmar,76.575,Myanmar
Wheat,2006-07,2006,China,183.163,China
Wheat,2006-07,2006,India,1591.529,India
Wheat,2006-07,2006,Indonesia,2337.768,Indonesia
Wheat,2006-07,2006,Japan,1113.592,Japan
Wheat,2006-07,2006,Korea Republic of,986.54,South Korea
Wheat,2006-07,2006,Malaysia,628.279,Malaysia
Wheat,2006-07,2006,Philippines,70.509,Philippines
Wheat,2006-07,2006,Singapore,69.411,Singapore
Wheat,2006-07,2006,Taiwan,103.234,Taiwan
Wheat,2006-07,2006,Thailand,187.381,Thailand
Wheat,2006-07,2006,Vietnam,478.8,Vietnam
Wheat,2006-07,2006,"Iran, Islamic Republic of",40.579,Iran
Wheat,2006-07,2006,Iraq,361.699,Iraq
Wheat,2006-07,2006,Kuwait,249.745,Kuwait
Wheat,2006-07,2006,Oman,0.0,Oman
Wheat,2006-07,2006,Saudi Arabia,0.0,Saudi Arabia
Wheat,2006-07,2006,United Arab Emirates,99.069,United Arab Emirates
Wheat,2006-07,2006,Yemen,385.111,Yemen
Wheat,2006-07,2006,Fiji,145.605,Fiji
Wheat,2006-07,2006,New Zealand,339.345,New Zealand
Wheat,2006-07,2006,Papua New Guinea,146.916,Papua New Guinea
Wheat,2006-07,2006,World,10899.235,
Wheat,2007-08,2007,Egypt,283.66,Egypt
Wheat,2007-08,2007,Former Sudan,459.004,
Wheat,2007-08,2007,Mozambique,0.0,Mozambique
Wheat,2007-08,2007,Nigeria,0.428,Nigeria
Wheat,2007-08,2007,South Africa,0.0,South Africa
Wheat,2007-08,2007,Sudan,0.0,Sudan
Wheat,2007-08,2007,"Tanzania, United Republic of",0.0,Tanzania
Wheat,2007-08,2007,Bangladesh,64.684,Bangladesh
Wheat,2007-08,2007,Myanmar,54.863,Myanmar
Wheat,2007-08,2007,China,2.432,China
Wheat,2007-08,2007,India,8.436,India
Wheat,2007-08,2007,Indonesia,1424.657,Indonesia
Wheat,2007-08,2007,Japan,877.911,Japan
Wheat,2007-08,2007,Korea Republic of,691.628,South Korea
Wheat,2007-08,2007,Malaysia,622.189,Malaysia
Wheat,2007-08,2007,Philippines,38.182,Philippines
Wheat,2007-08,2007,Singapore,73.896,Singapore
Wheat,2007-08,2007,Taiwan,155.081,Taiwan
Wheat,2007-08,2007,Thailand,246.974,Thailand
Wheat,2007-08,2007,Vietnam,431.66,Vietnam
Wheat,2007-08,2007,"Iran, Islamic Republic of",0.0,Iran
Wheat,2007-08,2007,Iraq,198.2,Iraq
Wheat,2007-08,2007,Kuwait,232.505,Kuwait
Wheat,2007-08,2007,Oman,0.0,Oman
Wheat,2007-08,2007,Saudi Arabia,1.307,Saudi Arabia
Wheat,2007-08,2007,United Arab Emirates,144.409,United Arab Emirates
Wheat,2007-08,2007,Yemen,407.835,Yemen
Wheat,2007-08,2007,Fiji,132.45,Fiji
Wheat,2007-08,2007,New Zealand,261.721,New Zealand
Wheat,2007-08,2007,Papua New Guinea,153.237,Papua New Guinea
Wheat,2007-08,2007,World,7167.489,
Wheat,2008-09,2008,Egypt,449.235,Egypt
Wheat,2008-09,2008,Former Sudan,690.473,
Wheat,2008-09,2008,Mozambique,28.763,Mozambique
Wheat,2008-09,2008,Nigeria,0.362,Nigeria
Wheat,2008-09,2008,South Africa,76.75,South Africa
Wheat,2008-09,2008,Sudan,0.0,Sudan
Wheat,2008-09,2008,"Tanzania, United Republic of",64.868,Tanzania
Wheat,2008-09,2008,Bangladesh,337.391,Bangladesh
Wheat,2008-09,2008,Myanmar,87.68,Myanmar
Wheat,2008-09,2008,China,231.335,China
Wheat,2008-09,2008,India,0.73,India
Wheat,2008-09,2008,Indonesia,2638.536,Indonesia
Wheat,2008-09,2008,Japan,791.303,Japan
Wheat,2008-09,2008,Korea Republic of,709.651,South Korea
Wheat,2008-09,2008,Malaysia,791.611,Malaysia
Wheat,2008-09,2008,Philippines,194.353,Philippines
Wheat,2008-09,2008,Singapore,76.81,Singapore
Wheat,2008-09,2008,Taiwan,242.197,Taiwan
Wheat,2008-09,2008,Thailand,326.444,Thailand
Wheat,2008-09,2008,Vietnam,789.649,Vietnam
Wheat,2008-09,2008,"Iran, Islamic Republic of",1576.509,Iran
Wheat,2008-09,2008,Iraq,530.595,Iraq
Wheat,2008-09,2008,Kuwait,250.814,Kuwait
Wheat,2008-09,2008,Oman,42.325,Oman
Wheat,2008-09,2008,Saudi Arabia,66.415,Saudi Arabia
Wheat,2008-09,2008,United Arab Emirates,256.154,United Arab Emirates
Wheat,2008-09,2008,Yemen,714.002,Yemen
Wheat,2008-09,2008,Fiji,122.969,Fiji
Wheat,2008-09,2008,New Zealand,249.491,New Zealand
Wheat,2008-09,2008,Papua New Guinea,134.241,Papua New Guinea
Wheat,2008-09,2008,World,13241.877,
Wheat,2009-10,2009,Egypt,501.093,Egypt
Wheat,2009-10,2009,Former Sudan,663.799,
Wheat,2009-10,2009,Mozambique,11.5,Mozambique
Wheat,2009-10,2009,Nigeria,0.21,Nigeria
Wheat,2009-10,2009,South Africa,45.823,South Africa
Wheat,2009-10,2009,Sudan,0.0,Sudan
Wheat,2009-10,2009,"Tanzania, United Republic of",79.5,Tanzania
Wheat,2009-10,2009,Bangladesh,442.829,Bangladesh
Wheat,2009-10,2009,Myanmar,164.124,Myanmar
Wheat,2009-10,2009,China,745.19,China
Wheat,2009-10,2009,India,238.933,India
Wheat,2009-10,2009,Indonesia,2776.959,Indonesia
Wheat,2009-10,2009,Japan,1109.461,Japan
Wheat,2009-10,2009,Korea Republic of,824.174,South Korea
Wheat,2009-10,2009,Malaysia,755.363,Malaysia
Wheat,2009-10,2009,Philippines,88.442,Philippines
Wheat,2009-10,2009,Singapore,77.783,Singapore
Wheat,2009-10,2009,Taiwan,285.873,Taiwan
Wheat,2009-10,2009,Thailand,439.396,Thailand
Wheat,2009-10,2009,Vietnam,1174.173,Vietnam
Wheat,2009-10,2009,"Iran, Islamic Republic of",61.357,Iran
Wheat,2009-10,2009,Iraq,634.505,Iraq
Wheat,2009-10,2009,Kuwait,337.986,Kuwait
Wheat,2009-10,2009,Oman,0.0,Oman
Wheat,2009-10,2009,Saudi Arabia,68.966,Saudi Arabia
Wheat,2009-10,2009,United Arab Emirates,206.709,United Arab Emirates
Wheat,2009-10,2009,Yemen,647.821,Yemen
Wheat,2009-10,2009,Fiji,158.116,Fiji
Wheat,2009-10,2009,New Zealand,267.65,New Zealand
Wheat,2009-10,2009,Papua New Guinea,158.822,Papua New Guinea
Wheat,2009-10,2009,World,13590.714,
Wheat,2010-11,2010,Egypt,730.181,Egypt
Wheat,2010-11,2010,Former Sudan,505.435,
Wheat,2010-11,2010,Mozambique,163.875,Mozambique
Wheat,2010-11,2010,Nigeria,0.235,Nigeria
Wheat,2010-11,2010,South Africa,90.207,South Africa
Wheat,2010-11,2010,Sudan,0.0,Sudan
Wheat,2010-11,2010,"Tanzania, United Republic of",245.251,Tanzania
Wheat,2010-11,2010,Bangladesh,1049.433,Bangladesh
Wheat,2010-11,2010,Myanmar,175.326,Myanmar
Wheat,2010-11,2010,China,530.328,China
Wheat,2010-11,2010,India,135.606,India
Wheat,2010-11,2010,Indonesia,3855.443,Indonesia
Wheat,2010-11,2010,Japan,1174.531,Japan
Wheat,2010-11,2010,Korea Republic of,1196.002,South Korea
Wheat,2010-11,2010,Malaysia,927.362,Malaysia
Wheat,2010-11,2010,Philippines,732.473,Philippines
Wheat,2010-11,2010,Singapore,94.221,Singapore
Wheat,2010-11,2010,Taiwan,317.035,Taiwan
Wheat,2010-11,2010,Thailand,657.098,Thailand
Wheat,2010-11,2010,Vietnam,1868.94,Vietnam
Wheat,2010-11,2010,"Iran, Islamic Republic of",0.0,Iran
Wheat,2010-11,2010,Iraq,906.345,Iraq
Wheat,2010-11,2010,Kuwait,371.818,Kuwait
Wheat,2010-11,2010,Oman,158.79,Oman
Wheat,2010-11,2010,Saudi Arabia,66.337,Saudi Arabia
Wheat,2010-11,2010,United Arab Emirates,353.494,United Arab Emirates
Wheat,2010-11,2010,Yemen,778.695,Yemen
Wheat,2010-11,2010,Fiji,147.454,Fiji
Wheat,2010-11,2010,New Zealand,338.712,New Zealand
Wheat,2010-11,2010,Papua New Guinea,189.43,Papua New Guinea
Wheat,2010-11,2010,World,18347.508,
Wheat,2011-12,2011,Egypt,617.369,Egypt
Wheat,2011-12,2011,Former Sudan,810.779,
Wheat,2011-12,2011,Mozambique,140.897,Mozambique
Wheat,2011-12,2011,Nigeria,48.823,Nigeria
Wheat,2011-12,2011,South Africa,264.736,South Africa
Wheat,2011-12,2011,Sudan,0.0,Sudan
Wheat,2011-12,2011,"Tanzania, United Republic of",67.005,Tanzania
Wheat,2011-12,2011,Bangladesh,259.083,Bangladesh
Wheat,2011-12,2011,Myanmar,178.754,Myanmar
Wheat,2011-12,2011,China,1871.617,China
Wheat,2011-12,2011,India,2.183,India
Wheat,2011-12,2011,Indonesia,4044.476,Indonesia
Wheat,2011-12,2011,Japan,1292.918,Japan
Wheat,2011-12,2011,Korea Republic of,2342.392,South Korea
Wheat,2011-12,2011,Malaysia,893.717,Malaysia
Wheat,2011-12,2011,Philippines,1569.583,Philippines
Wheat,2011-12,2011,Singapore,92.192,Singapore
Wheat,2011-12,2011,Taiwan,330.52,Taiwan
Wheat,2011-12,2011,Thailand,1437.276,Thailand
Wheat,2011-12,2011,Vietnam,2508.59,Vietnam
Wheat,2011-12,2011,"Iran, Islamic Republic of",208.087,Iran
Wheat,2011-12,2011,Iraq,521.585,Iraq
Wheat,2011-12,2011,Kuwait,319.646,Kuwait
Wheat,2011-12,2011,Oman,161.829,Oman
Wheat,2011-12,2011,Saudi Arabia,348.697,Saudi Arabia
Wheat,2011-12,2011,United Arab Emirates,180.384,United Arab Emirates
Wheat,2011-12,2011,Yemen,841.092,Yemen
Wheat,2011-12,2011,Fiji,156.51,Fiji
Wheat,2011-12,2011,New Zealand,530.974,New Zealand
Wheat,2011-12,2011,Papua New Guinea,168.982,Papua New Guinea
Wheat,2011-12,2011,World,22971.631,
Wheat,2012-13,2012,Egypt,514.163,Egypt
Wheat,2012-13,2012,Former Sudan,238.328,
Wheat,2012-13,2012,Mozambique,188.535,Mozambique
Wheat,2012-13,2012,Nigeria,190.368,Nigeria
Wheat,2012-13,2012,South Africa,254.766,South Africa
Wheat,2012-13,2012,Sudan,683.994,Sudan
Wheat,2012-13,2012,"Tanzania, United Republic of",190.864,Tanzania
Wheat,2012-13,2012,Bangladesh,22.0,Bangladesh
Wheat,2012-13,2012,Myanmar,198.527,Myanmar
Wheat,2012-13,2012,China,1234.845,China
Wheat,2012-13,2012,India,6.978,India
Wheat,2012-13,2012,Indonesia,4422.912,Indonesia
Wheat,2012-13,2012,Japan,1173.324,Japan
Wheat,2012-13,2012,Korea Republic of,1495.521,South Korea
Wheat,2012-13,2012,Malaysia,854.703,Malaysia
Wheat,2012-13,2012,Philippines,979.162,Philippines
Wheat,2012-13,2012,Singapore,87.551,Singapore
Wheat,2012-13,2012,Taiwan,219.719,Taiwan
Wheat,2012-13,2012,Thailand,472.548,Thailand
Wheat,2012-13,2012,Vietnam,1287.531,Vietnam
Wheat,2012-13,2012,"Iran, Islamic Republic of",1292.453,Iran
Wheat,2012-13,2012,Iraq,1771.238,Iraq
Wheat,2012-13,2012,Kuwait,319.786,Kuwait
Wheat,2012-13,2012,Oman,157.9,Oman
Wheat,2012-13,2012,Saudi Arabia,409.132,Saudi Arabia
Wheat,2012-13,2012,United Arab Emirates,181.77,United Arab Emirates
Wheat,2012-13,2012,Yemen,722.323,Yemen
Wheat,2012-13,2012,Fiji,183.232,Fiji
Wheat,2012-13,2012,New Zealand,413.448,New Zealand
Wheat,2012-13,2012,Papua New Guinea,181.191,Papua New Guinea
Wheat,2012-13,2012,World,21214.114,
Wheat,2013-14,2013,Egypt,275.298,Egypt
Wheat,2013-14,2013,Mozambique,111.093,Mozambique
Wheat,2013-14,2013,Nigeria,554.253,Nigeria
Wheat,2013-14,2013,South Africa,54.324,South Africa
Wheat,2013-14,2013,Sudan,815.392,Sudan
Wheat,2013-14,2013,"Tanzania, United Republic of",147.348,Tanzania
Wheat,2013-14,2013,Bangladesh,52.5,Bangladesh
Wheat,2013-14,2013,Myanmar,281.539,Myanmar
Wheat,2013-14,2013,China,1490.63,China
Wheat,2013-14,2013,India,6.788,India
Wheat,2013-14,2013,Indonesia,3719.87,Indonesia
Wheat,2013-14,2013,Japan,877.735,Japan
Wheat,2013-14,2013,Korea Republic of,909.849,South Korea
Wheat,2013-14,2013,Malaysia,957.272,Malaysia
Wheat,2013-14,2013,Philippines,349.741,Philippines
Wheat,2013-14,2013,Singapore,118.615,Singapore
Wheat,2013-14,2013,Taiwan,253.215,Taiwan
Wheat,2013-14,2013,Thailand,384.98,Thailand
Wheat,2013-14,2013,Vietnam,1469.419,Vietnam
Wheat,2013-14,2013,"Iran, Islamic Republic of",848.699,Iran
Wheat,2013-14,2013,Iraq,958.522,Iraq
Wheat,2013-14,2013,Kuwait,436.158,Kuwait
Wheat,2013-14,2013,Oman,153.72,Oman
Wheat,2013-14,2013,Saudi Arabia,376.563,Saudi Arabia
Wheat,2013-14,2013,United Arab Emirates,40.104,United Arab Emirates
Wheat,2013-14,2013,Yemen,1069.753,Yemen
Wheat,2013-14,2013,Fiji,160.012,Fiji
Wheat,2013-14,2013,New Zealand,492.566,New Zealand
Wheat,2013-14,2013,Papua New Guinea,185.078,Papua New Guinea
Wheat,2013-14,2013,World,18304.817,
Wheat,2014-15,2014,Egypt,427.266,Egypt
Wheat,2014-15,2014,Mozambique,37.25,Mozambique
Wheat,2014-15,2014,Nigeria,436.419,Nigeria
Wheat,2014-15,2014,South Africa,107.25,South Africa
Wheat,2014-15,2014,Sudan,295.91,Sudan
Wheat,2014-15,2014,"Tanzania, United Republic of",229.337,Tanzania
Wheat,2014-15,2014,Bangladesh,151.11,Bangladesh
Wheat,2014-15,2014,Myanmar,241.546,Myanmar
Wheat,2014-15,2014,China,929.423,China
Wheat,2014-15,2014,India,247.849,India
Wheat,2014-15,2014,Indonesia,4377.485,Indonesia
Wheat,2014-15,2014,Japan,904.089,Japan
Wheat,2014-15,2014,Korea Republic of,1046.626,South Korea
Wheat,2014-15,2014,Malaysia,905.913,Malaysia
Wheat,2014-15,2014,Philippines,702.347,Philippines
Wheat,2014-15,2014,Singapore,95.632,Singapore
Wheat,2014-15,2014,Taiwan,239.271,Taiwan
Wheat,2014-15,2014,Thailand,458.83,Thailand
Wheat,2014-15,2014,Vietnam,1261.892,Vietnam
Wheat,2014-15,2014,"Iran, Islamic Republic of",268.58,Iran
Wheat,2014-15,2014,Iraq,154.594,Iraq
Wheat,2014-15,2014,Kuwait,381.455,Kuwait
Wheat,2014-15,2014,Oman,152.221,Oman
Wheat,2014-15,2014,Saudi Arabia,12.92,Saudi Arabia
Wheat,2014-15,2014,United Arab Emirates,98.825,United Arab Emirates
Wheat,2014-15,2014,Yemen,927.56,Yemen
Wheat,2014-15,2014,Fiji,168.191,Fiji
Wheat,2014-15,2014,New Zealand,515.693,New Zealand
Wheat,2014-15,2014,Papua New Guinea,211.589,Papua New Guinea
Wheat,2014-15,2014,World,16527.792,
Wheat,2015-16,2015,Egypt,288.154,Egypt
Wheat,2015-16,2015,Mozambique,45.85,Mozambique
Wheat,2015-16,2015,Nigeria,448.001,Nigeria
Wheat,2015-16,2015,South Africa,43.683,South Africa
Wheat,2015-16,2015,Sudan,0.0,Sudan
Wheat,2015-16,2015,"Tanzania, United Republic of",0.102,Tanzania
Wheat,2015-16,2015,Bangladesh,190.359,Bangladesh
Wheat,2015-16,2015,Myanmar,364.741,Myanmar
Wheat,2015-16,2015,China,1364.103,China
Wheat,2015-16,2015,India,232.991,India
Wheat,2015-16,2015,Indonesia,3647.495,Indonesia
Wheat,2015-16,2015,Japan,897.032,Japan
Wheat,2015-16,2015,Korea Republic of,1200.526,South Korea
Wheat,2015-16,2015,Malaysia,834.469,Malaysia
Wheat,2015-16,2015,Philippines,807.607,Philippines
Wheat,2015-16,2015,Singapore,124.983,Singapore
Wheat,2015-16,2015,Taiwan,205.053,Taiwan
Wheat,2015-16,2015,Thailand,406.813,Thailand
Wheat,2015-16,2015,Vietnam,1327.497,Vietnam
Wheat,2015-16,2015,"Iran, Islamic Republic of",102.228,Iran
Wheat,2015-16,2015,Iraq,52.5,Iraq
Wheat,2015-16,2015,Kuwait,402.925,Kuwait
Wheat,2015-16,2015,Oman,146.664,Oman
Wheat,2015-16,2015,Saudi Arabia,16.338,Saudi Arabia
Wheat,2015-16,2015,United Arab Emirates,164.894,United Arab Emirates
Wheat,2015-16,2015,Yemen,914.63,Yemen
Wheat,2015-16,2015,Fiji,208.712,Fiji
Wheat,2015-16,2015,New Zealand,467.753,New Zealand
Wheat,2015-16,2015,Papua New Guinea,214.754,Papua New Guinea
Wheat,2015-16,2015,World,15743.095,
Wheat,2016-17,2016,Egypt,135.454,Egypt
Wheat,2016-17,2016,Mozambique,7.5,Mozambique
Wheat,2016-17,2016,Nigeria,404.599,Nigeria
Wheat,2016-17,2016,South Africa,14.3,South Africa
Wheat,2016-17,2016,Sudan,0.0,Sudan
Wheat,2016-17,2016,"Tanzania, United Republic of",0.756,Tanzania
Wheat,2016-17,2016,Bangladesh,289.145,Bangladesh
Wheat,2016-17,2016,Myanmar,375.895,Myanmar
Wheat,2016-17,2016,China,1856.827,China
Wheat,2016-17,2016,India,2659.594,India
Wheat,2016-17,2016,Indonesia,4833.389,Indonesia
Wheat,2016-17,2016,Japan,966.545,Japan
Wheat,2016-17,2016,Korea Republic of,1047.52,South Korea
Wheat,2016-17,2016,Malaysia,1064.883,Malaysia
Wheat,2016-17,2016,Philippines,2050.443,Philippines
Wheat,2016-17,2016,Singapore,115.003,Singapore
Wheat,2016-17,2016,Taiwan,261.918,Taiwan
Wheat,2016-17,2016,Thailand,428.976,Thailand
Wheat,2016-17,2016,Vietnam,2023.472,Vietnam
Wheat,2016-17,2016,"Iran, Islamic Republic of",0.0,Iran
Wheat,2016-17,2016,Iraq,0.0,Iraq
Wheat,2016-17,2016,Kuwait,465.823,Kuwait
Wheat,2016-17,2016,Oman,109.221,Oman
Wheat,2016-17,2016,Saudi Arabia,7.039,Saudi Arabia
Wheat,2016-17,2016,United Arab Emirates,330.465,United Arab Emirates
Wheat,2016-17,2016,Yemen,977.382,Yemen
Wheat,2016-17,2016,Fiji,177.777,Fiji
Wheat,2016-17,2016,New Zealand,477.067,New Zealand
Wheat,2016-17,2016,Papua New Guinea,207.689,Papua New Guinea
Wheat,2016-17,2016,World,22027.74,
Wheat,2017-18,2017,Egypt,172.014,Egypt
Wheat,2017-18,2017,Mozambique,0.0,Mozambique
Wheat,2017-18,2017,Nigeria,470.289,Nigeria
Wheat,2017-18,2017,South Africa,27.5,South Africa
Wheat,2017-18,2017,Sudan,0.0,Sudan
Wheat,2017-18,2017,"Tanzania, United Republic of",1.006,Tanzania
Wheat,2017-18,2017,Bangladesh,308.715,Bangladesh
Wheat,2017-18,2017,Myanmar,327.039,Myanmar
Wheat,2017-18,2017,China,1022.025,China
Wheat,2017-18,2017,India,64.47,India
Wheat,2017-18,2017,Indonesia,3306.414,Indonesia
Wheat,2017-18,2017,Japan,923.718,Japan
Wheat,2017-18,2017,Korea Republic of,1060.331,South Korea
Wheat,2017-18,2017,Malaysia,789.199,Malaysia
Wheat,2017-18,2017,Philippines,1556.737,Philippines
Wheat,2017-18,2017,Singapore,101.285,Singapore
Wheat,2017-18,2017,Taiwan,226.553,Taiwan
Wheat,2017-18,2017,Thailand,464.988,Thailand
Wheat,2017-18,2017,Vietnam,1371.034,Vietnam
Wheat,2017-18,2017,"Iran, Islamic Republic of",0.0,Iran
Wheat,2017-18,2017,Iraq,441.904,Iraq
Wheat,2017-18,2017,Kuwait,444.354,Kuwait
Wheat,2017-18,2017,Oman,58.257,Oman
Wheat,2017-18,2017,Saudi Arabia,13.946,Saudi Arabia
Wheat,2017-18,2017,United Arab Emirates,166.752,United Arab Emirates
Wheat,2017-18,2017,Yemen,609.771,Yemen
Wheat,2017-18,2017,Fiji,161.867,Fiji
Wheat,2017-18,2017,New Zealand,547.17,New Zealand
Wheat,2017-18,2017,Papua New Guinea,245.567,Papua New Guinea
Wheat,2017-18,2017,World,15458.559,
Wheat,2018-19,2018,Egypt,107.075,Egypt
Wheat,2018-19,2018,Mozambique,0.0,Mozambique
Wheat,2018-19,2018,Nigeria,61.0,Nigeria
Wheat,2018-19,2018,South Africa,0.0,South Africa
Wheat,2018-19,2018,Sudan,11.0,Sudan
Wheat,2018-19,2018,"Tanzania, United Republic of",0.998,Tanzania
Wheat,2018-19,2018,Bangladesh,0.0,Bangladesh
Wheat,2018-19,2018,Myanmar,276.882,Myanmar
Wheat,2018-19,2018,China,83.794,China
Wheat,2018-19,2018,India,0.499,India
Wheat,2018-19,2018,Indonesia,1138.381,Indonesia
Wheat,2018-19,2018,Japan,949.626,Japan
Wheat,2018-19,2018,Korea Republic of,1071.072,South Korea
Wheat,2018-19,2018,Malaysia,587.222,Malaysia
Wheat,2018-19,2018,Philippines,1506.774,Philippines
Wheat,2018-19,2018,Singapore,104.279,Singapore
Wheat,2018-19,2018,Taiwan,73.871,Taiwan
Wheat,2018-19,2018,Thailand,398.32,Thailand
Wheat,2018-19,2018,Vietnam,748.038,Vietnam
Wheat,2018-19,2018,"Iran, Islamic Republic of",0.0,Iran
Wheat,2018-19,2018,Iraq,465.206,Iraq
Wheat,2018-19,2018,Kuwait,448.628,Kuwait
Wheat,2018-19,2018,Oman,104.975,Oman
Wheat,2018-19,2018,Saudi Arabia,4.768,Saudi Arabia
Wheat,2018-19,2018,United Arab Emirates,107.232,United Arab Emirates
Wheat,2018-19,2018,Yemen,411.066,Yemen
Wheat,2018-19,2018,Fiji,179.089,Fiji
Wheat,2018-19,2018,New Zealand,451.97,New Zealand
Wheat,2018-19,2018,Papua New Guinea,252.35,Papua New Guinea
Wheat,2018-19,2018,World,9784.491,
Wheat,2019-20,2019,Egypt,216.448,Egypt
Wheat,2019-20,2019,Mozambique,0.0,Mozambique
Wheat,2019-20,2019,Nigeria,0.0,Nigeria
Wheat,2019-20,2019,South Africa,0.0,South Africa
Wheat,2019-20,2019,Sudan,0.0,Sudan
Wheat,2019-20,2019,"Tanzania, United Republic of",1.01,Tanzania
Wheat,2019-20,2019,Bangladesh,31.511,Bangladesh
Wheat,2019-20,2019,Myanmar,237.018,Myanmar
Wheat,2019-20,2019,China,1419.536,China
Wheat,2019-20,2019,India,1.091,India
Wheat,2019-20,2019,Indonesia,904.322,Indonesia
Wheat,2019-20,2019,Japan,849.251,Japan
Wheat,2019-20,2019,Korea Republic of,1126.013,South Korea
Wheat,2019-20,2019,Malaysia,423.037,Malaysia
Wheat,2019-20,2019,Philippines,996.779,Philippines
Wheat,2019-20,2019,Singapore,138.172,Singapore
Wheat,2019-20,2019,Taiwan,47.876,Taiwan
Wheat,2019-20,2019,Thailand,474.874,Thailand
Wheat,2019-20,2019,Vietnam,898.127,Vietnam
Wheat,2019-20,2019,"Iran, Islamic Republic of",0.0,Iran
Wheat,2019-20,2019,Iraq,0.0,Iraq
Wheat,2019-20,2019,Kuwait,465.045,Kuwait
Wheat,2019-20,2019,Oman,44.0,Oman
Wheat,2019-20,2019,Saudi Arabia,8.334,Saudi Arabia
Wheat,2019-20,2019,United Arab Emirates,116.12,United Arab Emirates
Wheat,2019-20,2019,Yemen,588.73,Yemen
Wheat,2019-20,2019,Fiji,209.803,Fiji
Wheat,2019-20,2019,New Zealand,405.95,New Zealand
Wheat,2019-20,2019,Papua New Guinea,223.459,Papua New Guinea
Wheat,2019-20,2019,World,10090.516,
Wheat,2020-21,2020,Egypt,328.794,Egypt
Wheat,2020-21,2020,Mozambique,182.578,Mozambique
Wheat,2020-21,2020,Nigeria,115.28,Nigeria
Wheat,2020-21,2020,South Africa,589.422,South Africa
Wheat,2020-21,2020,Sudan,226.076,Sudan
Wheat,2020-21,2020,"Tanzania, United Republic of",147.745,Tanzania
Wheat,2020-21,2020,Bangladesh,271.295,Bangladesh
Wheat,2020-21,2020,Myanmar,269.194,Myanmar
Wheat,2020-21,2020,China,1710.783,China
Wheat,2020-21,2020,India,0.051,India
Wheat,2020-21,2020,Indonesia,3723.403,Indonesia
Wheat,2020-21,2020,Japan,945.269,Japan
Wheat,2020-21,2020,Korea Republic of,972.298,South Korea
Wheat,2020-21,2020,Malaysia,868.682,Malaysia
Wheat,2020-21,2020,Philippines,1436.971,Philippines
Wheat,2020-21,2020,Singapore,75.511,Singapore
Wheat,2020-21,2020,Taiwan,143.694,Taiwan
Wheat,2020-21,2020,Thailand,852.255,Thailand
Wheat,2020-21,2020,Vietnam,2367.492,Vietnam
Wheat,2020-21,2020,"Iran, Islamic Republic of",0.0,Iran
Wheat,2020-21,2020,Iraq,0.0,Iraq
Wheat,2020-21,2020,Kuwait,348.738,Kuwait
Wheat,2020-21,2020,Oman,114.885,Oman
Wheat,2020-21,2020,Saudi Arabia,435.349,Saudi Arabia
Wheat,2020-21,2020,United Arab Emirates,270.717,United Arab Emirates
Wheat,2020-21,2020,Yemen,704.935,Yemen
Wheat,2020-21,2020,Fiji,143.186,Fiji
Wheat,2020-21,2020,New Zealand,452.134,New Zealand
Wheat,2020-21,2020,Papua New Guinea,262.246,Papua New Guinea
Wheat,2020-21,2020,World,19687.062,
Wheat,2021-22,2021,Egypt,179.061,Egypt
Wheat,2021-22,2021,Mozambique,272.261,Mozambique
Wheat,2021-22,2021,Nigeria,0.0,Nigeria
Wheat,2021-22,2021,South Africa,332.501,South Africa
Wheat,2021-22,2021,Sudan,500.315,Sudan
Wheat,2021-22,2021,"Tanzania, United Republic of",138.418,Tanzania
Wheat,2021-22,2021,Bangladesh,464.555,Bangladesh
Wheat,2021-22,2021,Myanmar,281.586,Myanmar
Wheat,2021-22,2021,China,5382.454,China
Wheat,2021-22,2021,India,0.0,India
Wheat,2021-22,2021,Indonesia,3560.928,Indonesia
Wheat,2021-22,2021,Japan,1159.942,Japan
Wheat,2021-22,2021,Korea Republic of,1595.981,South Korea
Wheat,2021-22,2021,Malaysia,1109.933,Malaysia
Wheat,2021-22,2021,Philippines,2531.854,Philippines
Wheat,2021-22,2021,Singapore,115.424,Singapore
Wheat,2021-22,2021,Taiwan,375.074,Taiwan
Wheat,2021-22,2021,Thailand,755.498,Thailand
Wheat,2021-22,2021,Vietnam,2683.849,Vietnam
Wheat,2021-22,2021,"Iran, Islamic Republic of",66.002,Iran
Wheat,2021-22,2021,Iraq,193.501,Iraq
Wheat,2021-22,2021,Kuwait,391.371,Kuwait
Wheat,2021-22,2021,Oman,132.568,Oman
Wheat,2021-22,2021,Saudi Arabia,113.624,Saudi Arabia
Wheat,2021-22,2021,United Arab Emirates,100.515,United Arab Emirates
Wheat,2021-22,2021,Yemen,1008.795,Yemen
Wheat,2021-22,2021,Fiji,201.819,Fiji
Wheat,2021-22,2021,New Zealand,561.089,New Zealand
Wheat,2021-22,2021,Papua New Guinea,255.92,Papua New Guinea
Wheat,2021-22,2021,World,25889.768,
Wheat,2022-23,2022,Egypt,172.015,Egypt
Wheat,2022-23,2022,Mozambique,65.101,Mozambique
Wheat,2022-23,2022,Nigeria,54.999,Nigeria
Wheat,2022-23,2022,South Africa,364.545,South Africa
Wheat,2022-23,2022,Sudan,92.549,Sudan
Wheat,2022-23,2022,"Tanzania, United Republic of",23.751,Tanzania
Wheat,2022-23,2022,Bangladesh,168.062,Bangladesh
Wheat,2022-23,2022,Myanmar,230.153,Myanmar
Wheat,2022-23,2022,China,7658.994,China
Wheat,2022-23,2022,India,49.717,India
Wheat,2022-23,2022,Indonesia,4740.57,Indonesia
Wheat,2022-23,2022,Japan,1355.62,Japan
Wheat,2022-23,2022,Korea Republic of,2705.086,South Korea
Wheat,2022-23,2022,Malaysia,1165.324,Malaysia
Wheat,2022-23,2022,Philippines,3066.169,Philippines
Wheat,2022-23,2022,Singapore,83.674,Singapore
Wheat,2022-23,2022,Taiwan,344.242,Taiwan
Wheat,2022-23,2022,Thailand,1995.157,Thailand
Wheat,2022-23,2022,Vietnam,3244.501,Vietnam
Wheat,2022-23,2022,"Iran, Islamic Republic of",0.0,Iran
Wheat,2022-23,2022,Iraq,947.456,Iraq
Wheat,2022-23,2022,Kuwait,351.404,Kuwait
Wheat,2022-23,2022,Oman,182.264,Oman
Wheat,2022-23,2022,Saudi Arabia,1.207,Saudi Arabia
Wheat,2022-23,2022,United Arab Emirates,239.815,United Arab Emirates
Wheat,2022-23,2022,Yemen,1138.309,Yemen
Wheat,2022-23,2022,Fiji,164.284,Fiji
Wheat,2022-23,2022,New Zealand,725.352,New Zealand
Wheat,2022-23,2022,Papua New Guinea,213.936,Papua New Guinea
Wheat,2022-23,2022,World,32304.354,
Wheat,2023-24,2023,Egypt,2.502,Egypt
Wheat,2023-24,2023,Mozambique,21.978,Mozambique
Wheat,2023-24,2023,Nigeria,0.0,Nigeria
Wheat,2023-24,2023,South Africa,244.994,South Africa
Wheat,2023-24,2023,Sudan,0.0,Sudan
Wheat,2023-24,2023,"Tanzania, United Republic of",1.184,Tanzania
Wheat,2023-24,2023,Bangladesh,5.238,Bangladesh
Wheat,2023-24,2023,Myanmar,261.181,Myanmar
Wheat,2023-24,2023,China,4933.734,China
Wheat,2023-24,2023,India,106.394,India
Wheat,2023-24,2023,Indonesia,4105.951,Indonesia
Wheat,2023-24,2023,Japan,1157.898,Japan
Wheat,2023-24,2023,Korea Republic of,1400.909,South Korea
Wheat,2023-24,2023,Malaysia,857.508,Malaysia
Wheat,2023-24,2023,Philippines,2590.596,Philippines
Wheat,2023-24,2023,Singapore,95.059,Singapore
Wheat,2023-24,2023,Taiwan,235.611,Taiwan
Wheat,2023-24,2023,Thailand,595.005,Thailand
Wheat,2023-24,2023,Vietnam,1464.743,Vietnam
Wheat,2023-24,2023,"Iran, Islamic Republic of",0.0,Iran
Wheat,2023-24,2023,Iraq,141.192,Iraq
Wheat,2023-24,2023,Kuwait,419.864,Kuwait
Wheat,2023-24,2023,Oman,155.902,Oman
Wheat,2023-24,2023,Saudi Arabia,5.612,Saudi Arabia
Wheat,2023-24,2023,United Arab Emirates,330.355,United Arab Emirates
Wheat,2023-24,2023,Yemen,1450.42,Yemen
Wheat,2023-24,2023,Fiji,206.239,Fiji
Wheat,2023-24,2023,New Zealand,631.622,New Zealand
Wheat,2023-24,2023,Papua New Guinea,305.61,Papua New Guinea
Wheat,2023-24,2023,World,22453.597,
Wheat,2024-25,2024,Egypt,53.235,Egypt
Wheat,2024-25,2024,Mozambique,258.692,Mozambique
Wheat,2024-25,2024,Nigeria,0.0,Nigeria
Wheat,2024-25,2024,South Africa,717.628,South Africa
Wheat,2024-25,2024,Sudan,0.0,Sudan
Wheat,2024-25,2024,"Tanzania, United Republic of",286.027,Tanzania
Wheat,2024-25,2024,Bangladesh,61.224,Bangladesh
Wheat,2024-25,2024,Myanmar,345.422,Myanmar
Wheat,2024-25,2024,China,882.168,China
Wheat,2024-25,2024,India,117.285,India
Wheat,2024-25,2024,Indonesia,3884.137,Indonesia
Wheat,2024-25,2024,Japan,1097.655,Japan
Wheat,2024-25,2024,Korea Republic of,1210.874,South Korea
Wheat,2024-25,2024,Malaysia,979.309,Malaysia
Wheat,2024-25,2024,Philippines,2994.106,Philippines
Wheat,2024-25,2024,Singapore,113.076,Singapore
Wheat,2024-25,2024,Taiwan,240.211,Taiwan
Wheat,2024-25,2024,Thailand,1585.045,Thailand
Wheat,2024-25,2024,Vietnam,1313.421,Vietnam
Wheat,2024-25,2024,"Iran, Islamic Republic of",0.0,Iran
Wheat,2024-25,2024,Iraq,250.531,Iraq
Wheat,2024-25,2024,Kuwait,508.026,Kuwait
Wheat,2024-25,2024,Oman,245.353,Oman
Wheat,2024-25,2024,Saudi Arabia,73.314,Saudi Arabia
Wheat,2024-25,2024,United Arab Emirates,248.468,United Arab Emirates
Wheat,2024-25,2024,Yemen,1383.525,Yemen
Wheat,2024-25,2024,Fiji,171.756,Fiji
Wheat,2024-25,2024,New Zealand,566.734,New Zealand
Wheat,2024-25,2024,Papua New Guinea,249.186,Papua New Guinea
Wheat,2024-25,2024,World,21101.192,
Barley,1987-88,1987,China,35.214,China
Barley,1987-88,1987,Japan,347.868,Japan
Barley,1987-88,1987,Korea Republic of,0.117,South Korea
Barley,1987-88,1987,Taiwan,143.915,Taiwan
Barley,1987-88,1987,Thailand,4.278,Thailand
Barley,1987-88,1987,Kuwait,29.323,Kuwait
Barley,1987-88,1987,Saudi Arabia,88.479,Saudi Arabia
Barley,1987-88,1987,United Arab Emirates,59.036,United Arab Emirates
Barley,1988-89,1988,World,1456.23,
Barley,1988-89,1988,China,99.399,China
Barley,1988-89,1988,Japan,445.839,Japan
Barley,1988-89,1988,Korea Republic of,33.64,South Korea
Barley,1988-89,1988,Philippines,1.484,Philippines
Barley,1988-89,1988,Taiwan,263.452,Taiwan
Barley,1988-89,1988,Thailand,7.167,Thailand
Barley,1988-89,1988,Kuwait,0.42,Kuwait
Barley,1988-89,1988,Saudi Arabia,190.89,Saudi Arabia
Barley,1988-89,1988,United Arab Emirates,124.762,United Arab Emirates
Barley,1989-90,1989,World,2413.149,
Barley,1989-90,1989,China,488.295,China
Barley,1989-90,1989,Japan,435.349,Japan
Barley,1989-90,1989,Korea Republic of,55.374,South Korea
Barley,1989-90,1989,Philippines,7.511,Philippines
Barley,1989-90,1989,Taiwan,219.469,Taiwan
Barley,1989-90,1989,Thailand,6.37,Thailand
Barley,1989-90,1989,Kuwait,114.293,Kuwait
Barley,1989-90,1989,Saudi Arabia,653.329,Saudi Arabia
Barley,1989-90,1989,United Arab Emirates,77.576,United Arab Emirates
Barley,1990-91,1990,World,2464.282,
Barley,1990-91,1990,China,712.623,China
Barley,1990-91,1990,Japan,393.817,Japan
Barley,1990-91,1990,Korea Republic of,47.836,South Korea
Barley,1990-91,1990,Philippines,5.016,Philippines
Barley,1990-91,1990,Taiwan,228.185,Taiwan
Barley,1990-91,1990,Thailand,8.084,Thailand
Barley,1990-91,1990,Kuwait,0.0,Kuwait
Barley,1990-91,1990,Saudi Arabia,181.351,Saudi Arabia
Barley,1990-91,1990,United Arab Emirates,141.626,United Arab Emirates
Barley,1991-92,1991,World,1963.621,
Barley,1991-92,1991,China,384.792,China
Barley,1991-92,1991,Japan,534.24,Japan
Barley,1991-92,1991,Korea Republic of,61.55,South Korea
Barley,1991-92,1991,Philippines,8.125,Philippines
Barley,1991-92,1991,Taiwan,224.834,Taiwan
Barley,1991-92,1991,Thailand,7.788,Thailand
Barley,1991-92,1991,Kuwait,97.81,Kuwait
Barley,1991-92,1991,Saudi Arabia,157.109,Saudi Arabia
Barley,1991-92,1991,United Arab Emirates,147.698,United Arab Emirates
Barley,1992-93,1992,World,2451.336,
Barley,1992-93,1992,China,399.779,China
Barley,1992-93,1992,Japan,542.566,Japan
Barley,1992-93,1992,Korea Republic of,44.5,South Korea
Barley,1992-93,1992,Philippines,6.344,Philippines
Barley,1992-93,1992,Taiwan,189.648,Taiwan
Barley,1992-93,1992,Thailand,7.499,Thailand
Barley,1992-93,1992,Kuwait,62.765,Kuwait
Barley,1992-93,1992,Saudi Arabia,497.067,Saudi Arabia
Barley,1992-93,1992,United Arab Emirates,140.794,United Arab Emirates
Barley,1993-94,1993,World,1524.252,
Barley,1993-94,1993,China,0.0,China
Barley,1993-94,1993,Japan,0.096,Japan
Barley,1993-94,1993,Korea Republic of,0.0,South Korea
Barley,1993-94,1993,Philippines,7.212,Philippines
Barley,1993-94,1993,Kuwait,0.0,Kuwait
Barley,1993-94,1993,Saudi Arabia,0.0,Saudi Arabia
Barley,1993-94,1993,United Arab Emirates,0.802,United Arab Emirates
Barley,1994-95,1994,World,2030.127,
Barley,1994-95,1994,China,0.021,China
Barley,1994-95,1994,Japan,0.0,Japan
Barley,1994-95,1994,Korea Republic of,0.0,South Korea
Barley,1994-95,1994,Philippines,1.648,Philippines
Barley,1994-95,1994,Kuwait,0.0,Kuwait
Barley,1994-95,1994,Saudi Arabia,0.0,Saudi Arabia
Barley,1994-95,1994,United Arab Emirates,0.269,United Arab Emirates
Barley,1995-96,1995,World,3029.603,
Barley,1995-96,1995,China,0.0,China
Barley,1995-96,1995,Japan,0.096,Japan
Barley,1995-96,1995,Korea Republic of,0.0,South Korea
Barley,1995-96,1995,Philippines,3.252,Philippines
Barley,1995-96,1995,Taiwan,0.966,Taiwan
Barley,1995-96,1995,Kuwait,0.0,Kuwait
Barley,1995-96,1995,Saudi Arabia,0.0,Saudi Arabia
Barley,1995-96,1995,United Arab Emirates,0.286,United Arab Emirates
Barley,1996-97,1996,World,3916.264,
Barley,1996-97,1996,China,0.0,China
Barley,1996-97,1996,Japan,0.002,Japan
Barley,1996-97,1996,Korea Republic of,0.0,South Korea
Barley,1996-97,1996,Philippines,3.548,Philippines
Barley,1996-97,1996,Taiwan,3.19,Taiwan
Barley,1996-97,1996,Kuwait,0.0,Kuwait
Barley,1996-97,1996,Saudi Arabia,0.0,Saudi Arabia
Barley,1996-97,1996,United Arab Emirates,0.135,United Arab Emirates
Barley,1997-98,1997,World,2513.253,
Barley,1997-98,1997,China,545.582,China
Barley,1997-98,1997,Japan,669.636,Japan
Barley,1997-98,1997,Korea Republic of,36.843,South Korea
Barley,1997-98,1997,Philippines,3.778,Philippines
Barley,1997-98,1997,Taiwan,158.528,Taiwan
Barley,1997-98,1997,Thailand,1.852,Thailand
Barley,1997-98,1997,Kuwait,162.679,Kuwait
Barley,1997-98,1997,Saudi Arabia,175.763,Saudi Arabia
Barley,1997-98,1997,United Arab Emirates,82.114,United Arab Emirates
Barley,1998-99,1998,World,4212.909,
Barley,1998-99,1998,China,1320.265,China
Barley,1998-99,1998,Japan,930.24,Japan
Barley,1998-99,1998,Korea Republic of,51.0,South Korea
Barley,1998-99,1998,Philippines,4.264,Philippines
Barley,1998-99,1998,Taiwan,147.796,Taiwan
Barley,1998-99,1998,Kuwait,231.307,Kuwait
Barley,1998-99,1998,Saudi Arabia,1094.477,Saudi Arabia
Barley,1998-99,1998,United Arab Emirates,226.981,United Arab Emirates
Barley,1999-00,1999,World,3283.382,
Barley,1999-00,1999,China,264.582,China
Barley,1999-00,1999,Japan,526.625,Japan
Barley,1999-00,1999,Korea Republic of,11.0,South Korea
Barley,1999-00,1999,Philippines,3.712,Philippines
Barley,1999-00,1999,Taiwan,76.62,Taiwan
Barley,1999-00,1999,Vietnam,0.492,Vietnam
Barley,1999-00,1999,Kuwait,71.05,Kuwait
Barley,1999-00,1999,Saudi Arabia,0.0,Saudi Arabia
Barley,1999-00,1999,United Arab Emirates,76.962,United Arab Emirates
Barley,2000-01,2000,World,3576.625,
Barley,2000-01,2000,China,1181.057,China
Barley,2000-01,2000,Japan,792.461,Japan
Barley,2000-01,2000,Korea Republic of,78.904,South Korea
Barley,2000-01,2000,Philippines,3.566,Philippines
Barley,2000-01,2000,Taiwan,146.47,Taiwan
Barley,2000-01,2000,Kuwait,174.943,Kuwait
Barley,2000-01,2000,Saudi Arabia,610.045,Saudi Arabia
Barley,2000-01,2000,United Arab Emirates,152.671,United Arab Emirates
Barley,2001-02,2001,World,4384.379,
Barley,2001-02,2001,China,1380.55,China
Barley,2001-02,2001,Japan,932.909,Japan
Barley,2001-02,2001,Korea Republic of,76.701,South Korea
Barley,2001-02,2001,Philippines,3.272,Philippines
Barley,2001-02,2001,Taiwan,148.039,Taiwan
Barley,2001-02,2001,Vietnam,0.087,Vietnam
Barley,2001-02,2001,Kuwait,215.464,Kuwait
Barley,2001-02,2001,Saudi Arabia,1266.717,Saudi Arabia
Barley,2001-02,2001,United Arab Emirates,128.385,United Arab Emirates
Barley,2002-03,2002,World,2826.903,
Barley,2002-03,2002,China,1229.649,China
Barley,2002-03,2002,Japan,829.563,Japan
Barley,2002-03,2002,Korea Republic of,76.0,South Korea
Barley,2002-03,2002,Philippines,2.63,Philippines
Barley,2002-03,2002,Taiwan,108.761,Taiwan
Barley,2002-03,2002,Vietnam,0.022,Vietnam
Barley,2002-03,2002,Kuwait,88.197,Kuwait
Barley,2002-03,2002,Saudi Arabia,214.679,Saudi Arabia
Barley,2002-03,2002,United Arab Emirates,91.035,United Arab Emirates
Barley,2003-04,2003,World,4692.46,
Barley,2003-04,2003,China,775.39,China
Barley,2003-04,2003,Japan,821.209,Japan
Barley,2003-04,2003,Korea Republic of,45.128,South Korea
Barley,2003-04,2003,Philippines,2.509,Philippines
Barley,2003-04,2003,Taiwan,111.915,Taiwan
Barley,2003-04,2003,Thailand,6.699,Thailand
Barley,2003-04,2003,Vietnam,10.831,Vietnam
Barley,2003-04,2003,Kuwait,63.661,Kuwait
Barley,2003-04,2003,Saudi Arabia,2380.331,Saudi Arabia
Barley,2003-04,2003,United Arab Emirates,148.547,United Arab Emirates
Barley,2004-05,2004,World,5878.888,
Barley,2004-05,2004,China,1387.105,China
Barley,2004-05,2004,Japan,1101.404,Japan
Barley,2004-05,2004,Korea Republic of,60.873,South Korea
Barley,2004-05,2004,Philippines,2.811,Philippines
Barley,2004-05,2004,Taiwan,120.565,Taiwan
Barley,2004-05,2004,Thailand,10.307,Thailand
Barley,2004-05,2004,Vietnam,24.507,Vietnam
Barley,2004-05,2004,Kuwait,227.121,Kuwait
Barley,2004-05,2004,Saudi Arabia,2001.445,Saudi Arabia
Barley,2004-05,2004,United Arab Emirates,241.355,United Arab Emirates
Barley,2005-06,2005,World,4731.662,
Barley,2005-06,2005,China,1319.861,China
Barley,2005-06,2005,Japan,777.657,Japan
Barley,2005-06,2005,Korea Republic of,32.7,South Korea
Barley,2005-06,2005,Philippines,2.425,Philippines
Barley,2005-06,2005,Taiwan,105.831,Taiwan
Barley,2005-06,2005,Thailand,9.011,Thailand
Barley,2005-06,2005,Vietnam,23.703,Vietnam
Barley,2005-06,2005,Kuwait,101.335,Kuwait
Barley,2005-06,2005,Saudi Arabia,1929.48,Saudi Arabia
Barley,2005-06,2005,United Arab Emirates,286.941,United Arab Emirates
Barley,2006-07,2006,World,2400.827,
Barley,2006-07,2006,China,963.748,China
Barley,2006-07,2006,Japan,659.01,Japan
Barley,2006-07,2006,Korea Republic of,36.429,South Korea
Barley,2006-07,2006,Philippines,2.116,Philippines
Barley,2006-07,2006,Taiwan,55.229,Taiwan
Barley,2006-07,2006,Thailand,8.72,Thailand
Barley,2006-07,2006,Vietnam,29.803,Vietnam
Barley,2006-07,2006,Kuwait,26.614,Kuwait
Barley,2006-07,2006,Saudi Arabia,550.195,Saudi Arabia
Barley,2006-07,2006,United Arab Emirates,62.204,United Arab Emirates
Barley,2007-08,2007,World,3361.458,
Barley,2007-08,2007,China,735.736,China
Barley,2007-08,2007,Japan,480.438,Japan
Barley,2007-08,2007,Korea Republic of,7.888,South Korea
Barley,2007-08,2007,Philippines,1.664,Philippines
Barley,2007-08,2007,Taiwan,42.62,Taiwan
Barley,2007-08,2007,Thailand,10.611,Thailand
Barley,2007-08,2007,Vietnam,18.02,Vietnam
Barley,2007-08,2007,Kuwait,59.91,Kuwait
Barley,2007-08,2007,Saudi Arabia,1768.345,Saudi Arabia
Barley,2007-08,2007,United Arab Emirates,112.226,United Arab Emirates
Barley,2008-09,2008,World,3260.981,
Barley,2008-09,2008,China,609.334,China
Barley,2008-09,2008,Japan,864.97,Japan
Barley,2008-09,2008,Korea Republic of,27.574,South Korea
Barley,2008-09,2008,Philippines,2.949,Philippines
Barley,2008-09,2008,Taiwan,50.762,Taiwan
Barley,2008-09,2008,Thailand,10.508,Thailand
Barley,2008-09,2008,Vietnam,19.343,Vietnam
Barley,2008-09,2008,Kuwait,40.898,Kuwait
Barley,2008-09,2008,Saudi Arabia,1467.993,Saudi Arabia
Barley,2008-09,2008,United Arab Emirates,86.039,United Arab Emirates
Barley,2009-10,2009,World,3533.391,
Barley,2009-10,2009,China,1276.353,China
Barley,2009-10,2009,Japan,1022.504,Japan
Barley,2009-10,2009,Korea Republic of,18.566,South Korea
Barley,2009-10,2009,Philippines,3.17,Philippines
Barley,2009-10,2009,Taiwan,28.373,Taiwan
Barley,2009-10,2009,Thailand,9.929,Thailand
Barley,2009-10,2009,Vietnam,25.977,Vietnam
Barley,2009-10,2009,Kuwait,95.649,Kuwait
Barley,2009-10,2009,Saudi Arabia,721.729,Saudi Arabia
Barley,2009-10,2009,United Arab Emirates,224.503,United Arab Emirates
Barley,2010-11,2010,World,3930.796,
Barley,2010-11,2010,China,1265.925,China
Barley,2010-11,2010,Japan,804.935,Japan
Barley,2010-11,2010,Korea Republic of,45.976,South Korea
Barley,2010-11,2010,Philippines,2.864,Philippines
Barley,2010-11,2010,Taiwan,58.12,Taiwan
Barley,2010-11,2010,Thailand,9.201,Thailand
Barley,2010-11,2010,Vietnam,13.105,Vietnam
Barley,2010-11,2010,Kuwait,259.1,Kuwait
Barley,2010-11,2010,Saudi Arabia,782.11,Saudi Arabia
Barley,2010-11,2010,United Arab Emirates,283.581,United Arab Emirates
Barley,2011-12,2011,World,5803.797,
Barley,2011-12,2011,China,1685.265,China
Barley,2011-12,2011,Japan,958.48,Japan
Barley,2011-12,2011,Korea Republic of,59.665,South Korea
Barley,2011-12,2011,Philippines,4.231,Philippines
Barley,2011-12,2011,Taiwan,34.243,Taiwan
Barley,2011-12,2011,Thailand,7.22,Thailand
Barley,2011-12,2011,Vietnam,68.294,Vietnam
Barley,2011-12,2011,Kuwait,331.782,Kuwait
Barley,2011-12,2011,Saudi Arabia,1892.38,Saudi Arabia
Barley,2011-12,2011,United Arab Emirates,311.248,United Arab Emirates
Barley,2012-13,2012,World,4368.398,
Barley,2012-13,2012,China,1711.607,China
Barley,2012-13,2012,Japan,844.747,Japan
Barley,2012-13,2012,Korea Republic of,51.048,South Korea
Barley,2012-13,2012,Philippines,2.614,Philippines
Barley,2012-13,2012,Taiwan,48.353,Taiwan
Barley,2012-13,2012,Thailand,2.836,Thailand
Barley,2012-13,2012,Vietnam,35.556,Vietnam
Barley,2012-13,2012,Kuwait,140.592,Kuwait
Barley,2012-13,2012,Saudi Arabia,1148.204,Saudi Arabia
Barley,2012-13,2012,United Arab Emirates,155.267,United Arab Emirates
Barley,2013-14,2013,World,6374.93,
Barley,2013-14,2013,China,3710.78,China
Barley,2013-14,2013,Japan,717.392,Japan
Barley,2013-14,2013,Korea Republic of,76.02,South Korea
Barley,2013-14,2013,Philippines,2.982,Philippines
Barley,2013-14,2013,Taiwan,40.287,Taiwan
Barley,2013-14,2013,Thailand,19.788,Thailand
Barley,2013-14,2013,Vietnam,36.184,Vietnam
Barley,2013-14,2013,Kuwait,134.498,Kuwait
Barley,2013-14,2013,Saudi Arabia,1272.039,Saudi Arabia
Barley,2013-14,2013,United Arab Emirates,145.17,United Arab Emirates
Barley,2014-15,2014,World,5467.607,
Barley,2014-15,2014,China,4560.028,China
Barley,2014-15,2014,Japan,405.739,Japan
Barley,2014-15,2014,Korea Republic of,42.381,South Korea
Barley,2014-15,2014,Philippines,3.165,Philippines
Barley,2014-15,2014,Taiwan,31.35,Taiwan
Barley,2014-15,2014,Thailand,17.032,Thailand
Barley,2014-15,2014,Vietnam,30.784,Vietnam
Barley,2014-15,2014,Kuwait,44.0,Kuwait
Barley,2014-15,2014,Saudi Arabia,0.0,Saudi Arabia
Barley,2014-15,2014,United Arab Emirates,142.797,United Arab Emirates
Barley,2015-16,2015,World,4876.894,
Barley,2015-16,2015,China,2609.926,China
Barley,2015-16,2015,Japan,584.553,Japan
Barley,2015-16,2015,Korea Republic of,50.952,South Korea
Barley,2015-16,2015,Philippines,4.683,Philippines
Barley,2015-16,2015,Taiwan,38.93,Taiwan
Barley,2015-16,2015,Thailand,17.902,Thailand
Barley,2015-16,2015,Vietnam,28.049,Vietnam
Barley,2015-16,2015,Kuwait,304.355,Kuwait
Barley,2015-16,2015,Saudi Arabia,773.256,Saudi Arabia
Barley,2015-16,2015,United Arab Emirates,361.497,United Arab Emirates
Barley,2016-17,2016,World,8884.741,
Barley,2016-17,2016,China,5934.104,China
Barley,2016-17,2016,Japan,1102.02,Japan
Barley,2016-17,2016,Korea Republic of,35.725,South Korea
Barley,2016-17,2016,Philippines,5.995,Philippines
Barley,2016-17,2016,Taiwan,54.548,Taiwan
Barley,2016-17,2016,Thailand,20.263,Thailand
Barley,2016-17,2016,Vietnam,97.181,Vietnam
Barley,2016-17,2016,Kuwait,365.615,Kuwait
Barley,2016-17,2016,Saudi Arabia,793.801,Saudi Arabia
Barley,2016-17,2016,United Arab Emirates,303.668,United Arab Emirates
Barley,2017-18,2017,World,7268.078,
Barley,2017-18,2017,China,5747.485,China
Barley,2017-18,2017,Japan,1077.649,Japan
Barley,2017-18,2017,Korea Republic of,55.237,South Korea
Barley,2017-18,2017,Philippines,6.259,Philippines
Barley,2017-18,2017,Taiwan,37.893,Taiwan
Barley,2017-18,2017,Thailand,148.922,Thailand
Barley,2017-18,2017,Vietnam,88.528,Vietnam
Barley,2017-18,2017,Kuwait,0.125,Kuwait
Barley,2017-18,2017,Saudi Arabia,0.0,Saudi Arabia
Barley,2017-18,2017,United Arab Emirates,53.687,United Arab Emirates
Barley,2018-19,2018,World,3835.706,
Barley,2018-19,2018,China,2506.04,China
Barley,2018-19,2018,Japan,636.561,Japan
Barley,2018-19,2018,Korea Republic of,5.928,South Korea
Barley,2018-19,2018,Philippines,5.577,Philippines
Barley,2018-19,2018,Taiwan,26.439,Taiwan
Barley,2018-19,2018,Thailand,270.406,Thailand
Barley,2018-19,2018,Vietnam,127.772,Vietnam
Barley,2018-19,2018,Kuwait,45.632,Kuwait
Barley,2018-19,2018,Saudi Arabia,66.0,Saudi Arabia
Barley,2018-19,2018,United Arab Emirates,59.829,United Arab Emirates
Barley,2019-20,2019,World,2999.397,
Barley,2019-20,2019,China,1579.578,China
Barley,2019-20,2019,Japan,450.145,Japan
Barley,2019-20,2019,Korea Republic of,19.797,South Korea
Barley,2019-20,2019,Philippines,7.002,Philippines
Barley,2019-20,2019,Taiwan,32.606,Taiwan
Barley,2019-20,2019,Thailand,559.656,Thailand
Barley,2019-20,2019,Vietnam,167.31,Vietnam
Barley,2019-20,2019,Kuwait,0.044,Kuwait
Barley,2019-20,2019,Saudi Arabia,0.0,Saudi Arabia
Barley,2019-20,2019,United Arab Emirates,69.715,United Arab Emirates
Barley,2020-21,2020,World,6880.619,
Barley,2020-21,2020,China,197.09,China
Barley,2020-21,2020,Japan,926.25,Japan
Barley,2020-21,2020,Korea Republic of,21.348,South Korea
Barley,2020-21,2020,Philippines,115.757,Philippines
Barley,2020-21,2020,Taiwan,27.056,Taiwan
Barley,2020-21,2020,Thailand,1183.233,Thailand
Barley,2020-21,2020,Vietnam,623.472,Vietnam
Barley,2020-21,2020,Kuwait,286.686,Kuwait
Barley,2020-21,2020,Saudi Arabia,2602.579,Saudi Arabia
Barley,2020-21,2020,United Arab Emirates,196.499,United Arab Emirates
Barley,2021-22,2021,World,8105.444,
Barley,2021-22,2021,China,3.413,China
Barley,2021-22,2021,Japan,1299.927,Japan
Barley,2021-22,2021,Korea Republic of,75.136,South Korea
Barley,2021-22,2021,Philippines,498.343,Philippines
Barley,2021-22,2021,Taiwan,38.889,Taiwan
Barley,2021-22,2021,Thailand,91.801,Thailand
Barley,2021-22,2021,Vietnam,583.921,Vietnam
Barley,2021-22,2021,Kuwait,532.89,Kuwait
Barley,2021-22,2021,Saudi Arabia,2784.224,Saudi Arabia
Barley,2021-22,2021,United Arab Emirates,390.925,United Arab Emirates
Barley,2022-23,2022,World,7623.074,
Barley,2022-23,2022,China,5.087,China
Barley,2022-23,2022,Japan,1329.543,Japan
Barley,2022-23,2022,Korea Republic of,211.368,South Korea
Barley,2022-23,2022,Philippines,301.294,Philippines
Barley,2022-23,2022,Taiwan,18.894,Taiwan
Barley,2022-23,2022,Thailand,406.534,Thailand
Barley,2022-23,2022,Vietnam,676.424,Vietnam
Barley,2022-23,2022,Kuwait,435.393,Kuwait
Barley,2022-23,2022,Saudi Arabia,2710.004,Saudi Arabia
Barley,2022-23,2022,United Arab Emirates,294.944,United Arab Emirates
Barley,2023-24,2023,World,8323.485,
Barley,2023-24,2023,China,5916.759,China
Barley,2023-24,2023,Japan,1078.304,Japan
Barley,2023-24,2023,Korea Republic of,141.254,South Korea
Barley,2023-24,2023,Philippines,140.392,Philippines
Barley,2023-24,2023,Taiwan,24.986,Taiwan
Barley,2023-24,2023,Thailand,265.91,Thailand
Barley,2023-24,2023,Vietnam,226.292,Vietnam
Barley,2023-24,2023,Kuwait,0.0,Kuwait
Barley,2023-24,2023,Saudi Arabia,0.021,Saudi Arabia
Barley,2023-24,2023,United Arab Emirates,14.85,United Arab Emirates
Barley,2024-25,2024,World,7756.846,
Barley,2024-25,2024,China,5645.699,China
Barley,2024-25,2024,Japan,719.647,Japan
Barley,2024-25,2024,Korea Republic of,62.827,South Korea
Barley,2024-25,2024,Philippines,22.117,Philippines
Barley,2024-25,2024,Taiwan,20.27,Taiwan
Barley,2024-25,2024,Thailand,163.091,Thailand
Barley,2024-25,2024,Vietnam,184.175,Vietnam
Barley,2024-25,2024,Kuwait,44.0,Kuwait
Barley,2024-25,2024,Saudi Arabia,393.286,Saudi Arabia
Barley,2024-25,2024,United Arab Emirates,115.987,United Arab Emirates
Canola,1987-88,1987,Bangladesh,0.0,Bangladesh
Canola,1987-88,1987,Belgium,0.0,Belgium
Canola,1987-88,1987,China,0.0,China
Canola,1987-88,1987,France,0.0,France
Canola,1987-88,1987,Germany,0.0,Germany
Canola,1987-88,1987,Japan,0.0,Japan
Canola,1987-88,1987,Netherlands,0.0,Netherlands
Canola,1987-88,1987,Pakistan,0.0,Pakistan
Canola,1988-89,1988,World,0.01,
Canola,1988-89,1988,Bangladesh,0.0,Bangladesh
Canola,1988-89,1988,Belgium,0.0,Belgium
Canola,1988-89,1988,China,0.0,China
Canola,1988-89,1988,France,0.0,France
Canola,1988-89,1988,Germany,0.0,Germany
Canola,1988-89,1988,Japan,0.0,Japan
Canola,1988-89,1988,Netherlands,0.0,Netherlands
Canola,1988-89,1988,Pakistan,0.0,Pakistan
Canola,1988-89,1988,Other,0.01,
Canola,1989-90,1989,World,0.013,
Canola,1989-90,1989,Bangladesh,0.0,Bangladesh
Canola,1989-90,1989,Belgium,0.0,Belgium
Canola,1989-90,1989,China,0.0,China
Canola,1989-90,1989,France,0.0,France
Canola,1989-90,1989,Germany,0.0,Germany
Canola,1989-90,1989,Japan,0.0,Japan
Canola,1989-90,1989,Netherlands,0.0,Netherlands
Canola,1989-90,1989,Pakistan,0.0,Pakistan
Canola,1989-90,1989,Other,0.013,
Canola,1990-91,1990,World,0.024,
Canola,1990-91,1990,Bangladesh,0.0,Bangladesh
Canola,1990-91,1990,Belgium,0.0,Belgium
Canola,1990-91,1990,China,0.0,China
Canola,1990-91,1990,France,0.0,France
Canola,1990-91,1990,Germany,0.024,Germany
Canola,1990-91,1990,Japan,0.0,Japan
Canola,1990-91,1990,Netherlands,0.0,Netherlands
Canola,1990-91,1990,Pakistan,0.0,Pakistan
Canola,1990-91,1990,Other,0.0,
Canola,1991-92,1991,World,10.56,
Canola,1991-92,1991,Bangladesh,0.0,Bangladesh
Canola,1991-92,1991,Belgium,0.0,Belgium
Canola,1991-92,1991,China,0.0,China
Canola,1991-92,1991,France,0.0,France
Canola,1991-92,1991,Germany,0.0,Germany
Canola,1991-92,1991,Japan,10.551,Japan
Canola,1991-92,1991,Netherlands,0.0,Netherlands
Canola,1991-92,1991,Pakistan,0.0,Pakistan
Canola,1991-92,1991,Other,0.008,
Canola,1992-93,1992,World,48.702,
Canola,1992-93,1992,Bangladesh,0.0,Bangladesh
Canola,1992-93,1992,Belgium,0.0,Belgium
Canola,1992-93,1992,China,0.0,China
Canola,1992-93,1992,France,0.0,France
Canola,1992-93,1992,Germany,0.0,Germany
Canola,1992-93,1992,Japan,48.618,Japan
Canola,1992-93,1992,Netherlands,0.043,Netherlands
Canola,1992-93,1992,Pakistan,0.0,Pakistan
Canola,1992-93,1992,Other,0.042,
Canola,1993-94,1993,World,106.167,
Canola,1993-94,1993,Bangladesh,10.8,Bangladesh
Canola,1993-94,1993,Belgium,0.0,Belgium
Canola,1993-94,1993,China,0.0,China
Canola,1993-94,1993,France,0.0,France
Canola,1993-94,1993,Germany,0.0,Germany
Canola,1993-94,1993,Japan,95.325,Japan
Canola,1993-94,1993,Netherlands,0.0,Netherlands
Canola,1993-94,1993,Pakistan,0.0,Pakistan
Canola,1993-94,1993,Other,0.041,
Canola,1994-95,1994,World,84.517,
Canola,1994-95,1994,Bangladesh,19.866,Bangladesh
Canola,1994-95,1994,Belgium,0.0,Belgium
Canola,1994-95,1994,China,0.0,China
Canola,1994-95,1994,France,0.0,France
Canola,1994-95,1994,Germany,0.0,Germany
Canola,1994-95,1994,Japan,63.765,Japan
Canola,1994-95,1994,Netherlands,0.0,Netherlands
Canola,1994-95,1994,Pakistan,0.0,Pakistan
Canola,1994-95,1994,Other,0.886,
Canola,1995-96,1995,World,347.775,
Canola,1995-96,1995,Bangladesh,123.24,Bangladesh
Canola,1995-96,1995,Belgium,0.0,Belgium
Canola,1995-96,1995,China,0.0,China
Canola,1995-96,1995,France,0.0,France
Canola,1995-96,1995,Germany,0.0,Germany
Canola,1995-96,1995,Japan,222.16,Japan
Canola,1995-96,1995,Netherlands,1.99,Netherlands
Canola,1995-96,1995,Pakistan,0.0,Pakistan
Canola,1995-96,1995,Other,0.385,
Canola,1996-97,1996,World,283.438,
Canola,1996-97,1996,Bangladesh,78.21,Bangladesh
Canola,1996-97,1996,Belgium,0.0,Belgium
Canola,1996-97,1996,China,0.0,China
Canola,1996-97,1996,France,0.0,France
Canola,1996-97,1996,Germany,0.0,Germany
Canola,1996-97,1996,Japan,204.65,Japan
Canola,1996-97,1996,Netherlands,0.0,Netherlands
Canola,1996-97,1996,Pakistan,0.21,Pakistan
Canola,1996-97,1996,Other,0.368,
Canola,1997-98,1997,World,590.085,
Canola,1997-98,1997,Bangladesh,94.638,Bangladesh
Canola,1997-98,1997,Belgium,0.0,Belgium
Canola,1997-98,1997,China,132.659,China
Canola,1997-98,1997,France,0.0,France
Canola,1997-98,1997,Germany,69.298,Germany
Canola,1997-98,1997,Japan,230.329,Japan
Canola,1997-98,1997,Netherlands,3.15,Netherlands
Canola,1997-98,1997,Pakistan,20.89,Pakistan
Canola,1997-98,1997,Other,39.121,
Canola,1998-99,1998,World,1320.117,
Canola,1998-99,1998,Bangladesh,126.334,Bangladesh
Canola,1998-99,1998,Belgium,0.0,Belgium
Canola,1998-99,1998,China,393.785,China
Canola,1998-99,1998,France,0.0,France
Canola,1998-99,1998,Germany,160.489,Germany
Canola,1998-99,1998,Japan,293.188,Japan
Canola,1998-99,1998,Netherlands,92.813,Netherlands
Canola,1998-99,1998,Pakistan,42.832,Pakistan
Canola,1998-99,1998,Other,210.676,
Canola,1999-00,1999,World,1893.199,
Canola,1999-00,1999,Bangladesh,99.363,Bangladesh
Canola,1999-00,1999,Belgium,0.0,Belgium
Canola,1999-00,1999,China,1212.02,China
Canola,1999-00,1999,France,0.0,France
Canola,1999-00,1999,Germany,0.0,Germany
Canola,1999-00,1999,Japan,369.96,Japan
Canola,1999-00,1999,Netherlands,0.0,Netherlands
Canola,1999-00,1999,Pakistan,56.692,Pakistan
Canola,1999-00,1999,Other,155.163,
Canola,2000-01,2000,World,1479.135,
Canola,2000-01,2000,Bangladesh,148.216,Bangladesh
Canola,2000-01,2000,Belgium,0.0,Belgium
Canola,2000-01,2000,China,294.814,China
Canola,2000-01,2000,France,0.0,France
Canola,2000-01,2000,Germany,253.933,Germany
Canola,2000-01,2000,Japan,375.939,Japan
Canola,2000-01,2000,Netherlands,0.0,Netherlands
Canola,2000-01,2000,Pakistan,224.323,Pakistan
Canola,2000-01,2000,Other,181.911,
Canola,2001-02,2001,World,1303.088,
Canola,2001-02,2001,Bangladesh,151.75,Bangladesh
Canola,2001-02,2001,Belgium,0.0,Belgium
Canola,2001-02,2001,China,335.767,China
Canola,2001-02,2001,France,0.0,France
Canola,2001-02,2001,Germany,0.0,Germany
Canola,2001-02,2001,Japan,395.429,Japan
Canola,2001-02,2001,Netherlands,0.0,Netherlands
Canola,2001-02,2001,Pakistan,306.665,Pakistan
Canola,2001-02,2001,Other,113.478,
Canola,2002-03,2002,World,612.304,
Canola,2002-03,2002,Bangladesh,70.118,Bangladesh
Canola,2002-03,2002,Belgium,0.0,Belgium
Canola,2002-03,2002,China,50.083,China
Canola,2002-03,2002,France,0.0,France
Canola,2002-03,2002,Germany,0.0,Germany
Canola,2002-03,2002,Japan,444.4,Japan
Canola,2002-03,2002,Netherlands,0.0,Netherlands
Canola,2002-03,2002,Pakistan,38.5,Pakistan
Canola,2002-03,2002,Other,9.202,
Canola,2003-04,2003,World,1048.815,
Canola,2003-04,2003,Bangladesh,100.57,Bangladesh
Canola,2003-04,2003,Belgium,41.217,Belgium
Canola,2003-04,2003,China,2.194,China
Canola,2003-04,2003,France,0.0,France
Canola,2003-04,2003,Germany,45.259,Germany
Canola,2003-04,2003,Japan,545.837,Japan
Canola,2003-04,2003,Netherlands,7.983,Netherlands
Canola,2003-04,2003,Pakistan,284.279,Pakistan
Canola,2003-04,2003,Other,21.477,
Canola,2004-05,2004,World,1018.559,
Canola,2004-05,2004,Bangladesh,67.948,Bangladesh
Canola,2004-05,2004,Belgium,0.153,Belgium
Canola,2004-05,2004,China,39.62,China
Canola,2004-05,2004,France,0.0,France
Canola,2004-05,2004,Germany,0.0,Germany
Canola,2004-05,2004,Japan,495.228,Japan
Canola,2004-05,2004,Netherlands,0.0,Netherlands
Canola,2004-05,2004,Pakistan,387.238,Pakistan
Canola,2004-05,2004,Other,28.372,
Canola,2005-06,2005,World,884.267,
Canola,2005-06,2005,Bangladesh,41.302,Bangladesh
Canola,2005-06,2005,Belgium,111.581,Belgium
Canola,2005-06,2005,China,0.0,China
Canola,2005-06,2005,France,0.0,France
Canola,2005-06,2005,Germany,113.386,Germany
Canola,2005-06,2005,Japan,370.268,Japan
Canola,2005-06,2005,Netherlands,8.122,Netherlands
Canola,2005-06,2005,Pakistan,97.462,Pakistan
Canola,2005-06,2005,Other,142.147,
Canola,2006-07,2006,World,237.603,
Canola,2006-07,2006,Bangladesh,15.225,Bangladesh
Canola,2006-07,2006,Belgium,0.066,Belgium
Canola,2006-07,2006,China,3.23,China
Canola,2006-07,2006,France,0.0,France
Canola,2006-07,2006,Germany,0.0,Germany
Canola,2006-07,2006,Japan,190.474,Japan
Canola,2006-07,2006,Netherlands,0.3,Netherlands
Canola,2006-07,2006,Pakistan,25.0,Pakistan
Canola,2006-07,2006,Other,3.307,
Canola,2007-08,2007,World,519.136,
Canola,2007-08,2007,Bangladesh,3.549,Bangladesh
Canola,2007-08,2007,Belgium,0.653,Belgium
Canola,2007-08,2007,China,0.0,China
Canola,2007-08,2007,France,0.0,France
Canola,2007-08,2007,Germany,58.0,Germany
Canola,2007-08,2007,Japan,121.539,Japan
Canola,2007-08,2007,Netherlands,111.324,Netherlands
Canola,2007-08,2007,Pakistan,166.777,Pakistan
Canola,2007-08,2007,Other,57.294,
Canola,2008-09,2008,World,972.974,
Canola,2008-09,2008,Bangladesh,3.387,Bangladesh
Canola,2008-09,2008,Belgium,58.985,Belgium
Canola,2008-09,2008,China,43.535,China
Canola,2008-09,2008,France,135.789,France
Canola,2008-09,2008,Germany,49.5,Germany
Canola,2008-09,2008,Japan,96.47,Japan
Canola,2008-09,2008,Netherlands,441.186,Netherlands
Canola,2008-09,2008,Pakistan,120.55,Pakistan
Canola,2008-09,2008,Other,23.573,
Canola,2009-10,2009,World,1238.476,
Canola,2009-10,2009,Bangladesh,75.876,Bangladesh
Canola,2009-10,2009,Belgium,314.686,Belgium
Canola,2009-10,2009,China,0.0,China
Canola,2009-10,2009,France,0.0,France
Canola,2009-10,2009,Germany,0.0,Germany
Canola,2009-10,2009,Japan,214.161,Japan
Canola,2009-10,2009,Netherlands,0.576,Netherlands
Canola,2009-10,2009,Pakistan,552.606,Pakistan
Canola,2009-10,2009,Other,80.571,
Canola,2010-11,2010,World,1470.736,
Canola,2010-11,2010,Bangladesh,8.876,Bangladesh
Canola,2010-11,2010,Belgium,221.523,Belgium
Canola,2010-11,2010,China,0.0,China
Canola,2010-11,2010,France,45.512,France
Canola,2010-11,2010,Germany,223.423,Germany
Canola,2010-11,2010,Japan,70.838,Japan
Canola,2010-11,2010,Netherlands,856.299,Netherlands
Canola,2010-11,2010,Pakistan,1.875,Pakistan
Canola,2010-11,2010,Other,42.389,
Canola,2011-12,2011,World,2322.837,
Canola,2011-12,2011,Bangladesh,15.008,Bangladesh
Canola,2011-12,2011,Belgium,641.947,Belgium
Canola,2011-12,2011,China,0.0,China
Canola,2011-12,2011,France,45.0,France
Canola,2011-12,2011,Germany,275.544,Germany
Canola,2011-12,2011,Japan,74.306,Japan
Canola,2011-12,2011,Netherlands,998.029,Netherlands
Canola,2011-12,2011,Pakistan,161.933,Pakistan
Canola,2011-12,2011,Other,111.069,
Canola,2012-13,2012,World,3487.797,
Canola,2012-13,2012,Bangladesh,104.498,Bangladesh
Canola,2012-13,2012,Belgium,829.179,Belgium
Canola,2012-13,2012,China,382.631,China
Canola,2012-13,2012,France,281.067,France
Canola,2012-13,2012,Germany,178.306,Germany
Canola,2012-13,2012,Japan,111.561,Japan
Canola,2012-13,2012,Netherlands,604.614,Netherlands
Canola,2012-13,2012,Pakistan,551.567,Pakistan
Canola,2012-13,2012,Other,444.373,
Canola,2013-14,2013,World,3194.391,
Canola,2013-14,2013,Bangladesh,0.0,Bangladesh
Canola,2013-14,2013,Belgium,660.042,Belgium
Canola,2013-14,2013,China,946.924,China
Canola,2013-14,2013,France,358.761,France
Canola,2013-14,2013,Germany,354.02,Germany
Canola,2013-14,2013,Japan,179.302,Japan
Canola,2013-14,2013,Netherlands,119.991,Netherlands
Canola,2013-14,2013,Pakistan,214.43,Pakistan
Canola,2013-14,2013,Other,360.921,
Canola,2014-15,2014,World,2444.868,
Canola,2014-15,2014,Bangladesh,10.875,Bangladesh
Canola,2014-15,2014,Belgium,486.702,Belgium
Canola,2014-15,2014,China,532.788,China
Canola,2014-15,2014,France,203.457,France
Canola,2014-15,2014,Germany,132.887,Germany
Canola,2014-15,2014,Japan,308.092,Japan
Canola,2014-15,2014,Netherlands,237.704,Netherlands
Canola,2014-15,2014,Pakistan,145.944,Pakistan
Canola,2014-15,2014,Other,386.419,
Canola,2015-16,2015,World,1945.598,
Canola,2015-16,2015,Bangladesh,11.326,Bangladesh
Canola,2015-16,2015,Belgium,636.136,Belgium
Canola,2015-16,2015,China,0.0,China
Canola,2015-16,2015,France,228.592,France
Canola,2015-16,2015,Germany,619.182,Germany
Canola,2015-16,2015,Japan,90.331,Japan
Canola,2015-16,2015,Netherlands,281.887,Netherlands
Canola,2015-16,2015,Pakistan,0.0,Pakistan
Canola,2015-16,2015,Other,78.145,
Canola,2016-17,2016,World,3599.109,
Canola,2016-17,2016,Bangladesh,0.748,Bangladesh
Canola,2016-17,2016,Belgium,872.617,Belgium
Canola,2016-17,2016,China,119.212,China
Canola,2016-17,2016,France,426.574,France
Canola,2016-17,2016,Germany,1485.898,Germany
Canola,2016-17,2016,Japan,139.948,Japan
Canola,2016-17,2016,Netherlands,141.897,Netherlands
Canola,2016-17,2016,Pakistan,50.703,Pakistan
Canola,2016-17,2016,Other,361.513,
Canola,2017-18,2017,World,2252.405,
Canola,2017-18,2017,Bangladesh,17.609,Bangladesh
Canola,2017-18,2017,Belgium,781.218,Belgium
Canola,2017-18,2017,China,9.643,China
Canola,2017-18,2017,France,126.835,France
Canola,2017-18,2017,Germany,929.152,Germany
Canola,2017-18,2017,Japan,71.807,Japan
Canola,2017-18,2017,Netherlands,60.19,Netherlands
Canola,2017-18,2017,Pakistan,0.0,Pakistan
Canola,2017-18,2017,Other,255.951,
Canola,2018-19,2018,World,1568.999,
Canola,2018-19,2018,Bangladesh,3.787,Bangladesh
Canola,2018-19,2018,Belgium,506.769,Belgium
Canola,2018-19,2018,China,30.179,China
Canola,2018-19,2018,France,189.247,France
Canola,2018-19,2018,Germany,473.226,Germany
Canola,2018-19,2018,Japan,202.053,Japan
Canola,2018-19,2018,Netherlands,65.596,Netherlands
Canola,2018-19,2018,Pakistan,0.0,Pakistan
Canola,2018-19,2018,Other,98.142,
Canola,2019-20,2019,World,1717.413,
Canola,2019-20,2019,Bangladesh,0.42,Bangladesh
Canola,2019-20,2019,Belgium,187.741,Belgium
Canola,2019-20,2019,China,545.162,China
Canola,2019-20,2019,France,0.0,France
Canola,2019-20,2019,Germany,490.066,Germany
Canola,2019-20,2019,Japan,96.05,Japan
Canola,2019-20,2019,Netherlands,317.127,Netherlands
Canola,2019-20,2019,Pakistan,0.0,Pakistan
Canola,2019-20,2019,Other,80.849,
Canola,2020-21,2020,World,3129.54,
Canola,2020-21,2020,Bangladesh,93.85,Bangladesh
Canola,2020-21,2020,Belgium,765.449,Belgium
Canola,2020-21,2020,China,93.097,China
Canola,2020-21,2020,France,402.01,France
Canola,2020-21,2020,Germany,928.712,Germany
Canola,2020-21,2020,Japan,51.78,Japan
Canola,2020-21,2020,Netherlands,192.738,Netherlands
Canola,2020-21,2020,Pakistan,49.5,Pakistan
Canola,2020-21,2020,Other,552.405,
Canola,2021-22,2021,World,5172.227,
Canola,2021-22,2021,Bangladesh,290.696,Bangladesh
Canola,2021-22,2021,Belgium,965.659,Belgium
Canola,2021-22,2021,China,0.0,China
Canola,2021-22,2021,France,651.332,France
Canola,2021-22,2021,Germany,1183.726,Germany
Canola,2021-22,2021,Japan,655.049,Japan
Canola,2021-22,2021,Netherlands,432.842,Netherlands
Canola,2021-22,2021,Pakistan,119.583,Pakistan
Canola,2021-22,2021,Other,873.34,
Canola,2022-23,2022,World,5670.869,
Canola,2022-23,2022,Bangladesh,199.057,Bangladesh
Canola,2022-23,2022,Belgium,1073.26,Belgium
Canola,2022-23,2022,China,0.0,China
Canola,2022-23,2022,France,584.421,France
Canola,2022-23,2022,Germany,1035.683,Germany
Canola,2022-23,2022,Japan,686.993,Japan
Canola,2022-23,2022,Netherlands,458.847,Netherlands
Canola,2022-23,2022,Pakistan,421.318,Pakistan
Canola,2022-23,2022,Other,1211.29,
Canola,2023-24,2023,World,6201.009,
Canola,2023-24,2023,Bangladesh,274.49,Bangladesh
Canola,2023-24,2023,Belgium,610.315,Belgium
Canola,2023-24,2023,China,0.5,China
Canola,2023-24,2023,France,671.309,France
Canola,2023-24,2023,Germany,885.864,Germany
Canola,2023-24,2023,Japan,1357.342,Japan
Canola,2023-24,2023,Netherlands,124.186,Netherlands
Canola,2023-24,2023,Pakistan,678.92,Pakistan
Canola,2023-24,2023,Other,1598.082,
Canola,2024-25,2024,World,6054.125,
Canola,2024-25,2024,Bangladesh,213.055,Bangladesh
Canola,2024-25,2024,Belgium,1535.166,Belgium
Canola,2024-25,2024,China,0.5,China
Canola,2024-25,2024,France,614.717,France
Canola,2024-25,2024,Germany,1082.672,Germany
Canola,2024-25,2024,Japan,547.267,Japan
Canola,2024-25,2024,Netherlands,374.06,Netherlands
Canola,2024-25,2024,Pakistan,577.906,Pakistan
Canola,2024-25,2024,Other,1108.781,
