month,sitc,commodity,value_aud_thousands
1995-07,041,Wheat,106678
1995-08,041,Wheat,108113
1995-09,041,Wheat,130103
1995-10,041,Wheat,159590
1995-11,041,Wheat,201327
1995-12,041,Wheat,332225
1996-01,041,Wheat,431619
1996-02,041,Wheat,386975
1996-03,041,Wheat,454770
1996-04,041,Wheat,374095
1996-05,041,Wheat,383441
1996-06,041,Wheat,294359
1996-07,041,Wheat,244039
1996-08,041,Wheat,257148
1996-09,041,Wheat,263415
1996-10,041,Wheat,254323
1996-11,041,Wheat,244100
1996-12,041,Wheat,400471
1997-01,041,Wheat,488778
1997-02,041,Wheat,475472
1997-03,041,Wheat,508970
1997-04,041,Wheat,435101
1997-05,041,Wheat,364147
1997-06,041,Wheat,365399
1997-07,041,Wheat,250930
1997-08,041,Wheat,243515
1997-09,041,Wheat,283676
1997-10,041,Wheat,269751
1997-11,041,Wheat,308203
1997-12,041,Wheat,413371
1998-01,041,Wheat,433749
1998-02,041,Wheat,275382
1998-03,041,Wheat,279330
1998-04,041,Wheat,322452
1998-05,041,Wheat,248572
1998-06,041,Wheat,300624
1998-07,041,Wheat,240428
1998-08,041,Wheat,335432
1998-09,041,Wheat,299949
1998-10,041,Wheat,200235
1998-11,041,Wheat,209230
1998-12,041,Wheat,368453
1999-01,041,Wheat,398763
1999-02,041,Wheat,277708
1999-03,041,Wheat,309887
1999-04,041,Wheat,267678
1999-05,041,Wheat,196465
1999-06,041,Wheat,294523
1999-07,041,Wheat,242762
1999-08,041,Wheat,247669
1999-09,041,Wheat,262902
1999-10,041,Wheat,238925
1999-11,041,Wheat,221602
1999-12,041,Wheat,352547
2000-01,041,Wheat,237968
2000-02,041,Wheat,374033
2000-03,041,Wheat,335981
2000-04,041,Wheat,321389
2000-05,041,Wheat,351100
2000-06,041,Wheat,226022
2000-07,041,Wheat,303748
2000-08,041,Wheat,296426
2000-09,041,Wheat,338360
2000-10,041,Wheat,384757
2000-11,041,Wheat,344176
2000-12,041,Wheat,297347
2001-01,041,Wheat,264942
2001-02,041,Wheat,344550
2001-03,041,Wheat,397860
2001-04,041,Wheat,376579
2001-05,041,Wheat,497762
2001-06,041,Wheat,287999
2001-07,041,Wheat,337149
2001-08,041,Wheat,372993
2001-09,041,Wheat,346352
2001-10,041,Wheat,357122
2001-11,041,Wheat,395710
2001-12,041,Wheat,348165
2002-01,041,Wheat,499846
2002-02,041,Wheat,337388
2002-03,041,Wheat,367144
2002-04,041,Wheat,443785
2002-05,041,Wheat,379270
2002-06,041,Wheat,342505
2002-07,041,Wheat,293988
2002-08,041,Wheat,380870
2002-09,041,Wheat,306050
2002-10,041,Wheat,320231
2002-11,041,Wheat,253845
2002-12,041,Wheat,211022
2003-01,041,Wheat,218195
2003-02,041,Wheat,221663
2003-03,041,Wheat,227511
2003-04,041,Wheat,183860
2003-05,041,Wheat,265831
2003-06,041,Wheat,153318
2003-07,041,Wheat,160776
2003-08,041,Wheat,153204
2003-09,041,Wheat,142645
2003-10,041,Wheat,246787
2003-11,041,Wheat,186560
2003-12,041,Wheat,254224
2004-01,041,Wheat,328900
2004-02,041,Wheat,400961
2004-03,041,Wheat,319205
2004-04,041,Wheat,407325
2004-05,041,Wheat,396402
2004-06,041,Wheat,402254
2004-07,041,Wheat,427065
2004-08,041,Wheat,318839
2004-09,041,Wheat,351630
2004-10,041,Wheat,302865
2004-11,041,Wheat,301186
2004-12,041,Wheat,237860
2005-01,041,Wheat,330365
2005-02,041,Wheat,301727
2005-03,041,Wheat,234340
2005-04,041,Wheat,187476
2005-05,041,Wheat,204941
2005-06,041,Wheat,197458
2005-07,041,Wheat,253436
2005-08,041,Wheat,253770
2005-09,041,Wheat,244625
2005-10,041,Wheat,287030
2005-11,041,Wheat,216351
2005-12,041,Wheat,272126
2006-01,041,Wheat,275566
2006-02,041,Wheat,292319
2006-03,041,Wheat,283295
2006-04,041,Wheat,314602
2006-05,041,Wheat,312900
2006-06,041,Wheat,206244
2006-07,041,Wheat,288768
2006-08,041,Wheat,361918
2006-09,041,Wheat,342425
2006-10,041,Wheat,253206
2006-11,041,Wheat,228235
2006-12,041,Wheat,202983
2007-01,041,Wheat,193432
2007-02,041,Wheat,227844
2007-03,041,Wheat,150170
2007-04,041,Wheat,161387
2007-05,041,Wheat,146217
2007-06,041,Wheat,115929
2007-07,041,Wheat,224912
2007-08,041,Wheat,103548
2007-09,041,Wheat,217862
2007-10,041,Wheat,122070
2007-11,041,Wheat,100934
2007-12,041,Wheat,197073
2008-01,041,Wheat,206314
2008-02,041,Wheat,277509
2008-03,041,Wheat,282801
2008-04,041,Wheat,379708
2008-05,041,Wheat,453359
2008-06,041,Wheat,320124
2008-07,041,Wheat,300923
2008-08,041,Wheat,377948
2008-09,041,Wheat,215410
2008-10,041,Wheat,268424
2008-11,041,Wheat,255859
2008-12,041,Wheat,453402
2009-01,041,Wheat,471981
2009-02,041,Wheat,472766
2009-03,041,Wheat,700613
2009-04,041,Wheat,521716
2009-05,041,Wheat,407065
2009-06,041,Wheat,489986
2009-07,041,Wheat,326713
2009-08,041,Wheat,375759
2009-09,041,Wheat,297133
2009-10,041,Wheat,215648
2009-11,041,Wheat,199373
2009-12,041,Wheat,277020
2010-01,041,Wheat,347373
2010-02,041,Wheat,315809
2010-03,041,Wheat,362145
2010-04,041,Wheat,255393
2010-05,041,Wheat,378338
2010-06,041,Wheat,285726
2010-07,041,Wheat,396702
2010-08,041,Wheat,338762
2010-09,041,Wheat,354333
2010-10,041,Wheat,483248
2010-11,041,Wheat,274874
2010-12,041,Wheat,385315
2011-01,041,Wheat,542810
2011-02,041,Wheat,585588
2011-03,041,Wheat,532884
2011-04,041,Wheat,555157
2011-05,041,Wheat,563952
2011-06,041,Wheat,468125
2011-07,041,Wheat,546530
2011-08,041,Wheat,431935
2011-09,041,Wheat,449299
2011-10,041,Wheat,350844
2011-11,041,Wheat,506137
2011-12,041,Wheat,542810
2012-01,041,Wheat,555561
2012-02,041,Wheat,576544
2012-03,041,Wheat,530306
2012-04,041,Wheat,618498
2012-05,041,Wheat,607896
2012-06,041,Wheat,634585
2012-07,041,Wheat,614702
2012-08,041,Wheat,593234
2012-09,041,Wheat,513905
2012-10,041,Wheat,510316
2012-11,041,Wheat,370349
2012-12,041,Wheat,404680
2013-01,041,Wheat,605943
2013-02,041,Wheat,643693
2013-03,041,Wheat,680735
2013-04,041,Wheat,582723
2013-05,041,Wheat,713876
2013-06,041,Wheat,515843
2013-07,041,Wheat,495121
2013-08,041,Wheat,394998
2013-09,041,Wheat,347811
2013-10,041,Wheat,293371
2013-11,041,Wheat,189183
2013-12,041,Wheat,622168
2014-01,041,Wheat,679623
2014-02,041,Wheat,662940
2014-03,041,Wheat,788322
2014-04,041,Wheat,519105
2014-05,041,Wheat,665156
2014-06,041,Wheat,426350
2014-07,041,Wheat,484604
2014-08,041,Wheat,382242
2014-09,041,Wheat,344661
2014-10,041,Wheat,257648
2014-11,041,Wheat,283374
2014-12,041,Wheat,425605
2015-01,041,Wheat,379644
2015-02,041,Wheat,692847
2015-03,041,Wheat,589740
2015-04,041,Wheat,644678
2015-05,041,Wheat,624518
2015-06,041,Wheat,418515
2015-07,041,Wheat,493219
2015-08,041,Wheat,407799
2015-09,041,Wheat,408206
2015-10,041,Wheat,373603
2015-11,041,Wheat,237467
2015-12,041,Wheat,542220
2016-01,041,Wheat,510573
2016-02,041,Wheat,448647
2016-03,041,Wheat,447977
2016-04,041,Wheat,444662
2016-05,041,Wheat,451657
2016-06,041,Wheat,330312
2016-07,041,Wheat,423783
2016-08,041,Wheat,419563
2016-09,041,Wheat,369134
2016-10,041,Wheat,288962
2016-11,041,Wheat,259912
2016-12,041,Wheat,458129
2017-01,041,Wheat,694538
2017-02,041,Wheat,621105
2017-03,041,Wheat,643013
2017-04,041,Wheat,589841
2017-05,041,Wheat,683705
2017-06,041,Wheat,621607
2017-07,041,Wheat,501684
2017-08,041,Wheat,435940
2017-09,041,Wheat,375836
2017-10,041,Wheat,270851
2017-11,041,Wheat,190114
2017-12,041,Wheat,434200
2018-01,041,Wheat,349037
2018-02,041,Wheat,284776
2018-03,041,Wheat,471218
2018-04,041,Wheat,445466
2018-05,041,Wheat,458110
2018-06,041,Wheat,434819
2018-07,041,Wheat,450451
2018-08,041,Wheat,297345
2018-09,041,Wheat,320155
2018-10,041,Wheat,157270
2018-11,041,Wheat,112447
2018-12,041,Wheat,286965
2019-01,041,Wheat,331266
2019-02,041,Wheat,319154
2019-03,041,Wheat,371052
2019-04,041,Wheat,313596
2019-05,041,Wheat,474065
2019-06,041,Wheat,222980
2019-07,041,Wheat,255838
2019-08,041,Wheat,211460
2019-09,041,Wheat,324945
2019-10,041,Wheat,222683
2019-11,041,Wheat,195259
2019-12,041,Wheat,329209
2020-01,041,Wheat,461511
2020-02,041,Wheat,306451
2020-03,041,Wheat,434350
2020-04,041,Wheat,360605
2020-05,041,Wheat,323422
2020-06,041,Wheat,421570
2020-07,041,Wheat,169732
2020-08,041,Wheat,145364
2020-09,041,Wheat,168170
2020-10,041,Wheat,139368
2020-11,041,Wheat,172912
2020-12,041,Wheat,806596
2021-01,041,Wheat,770440
2021-02,041,Wheat,896631
2021-03,041,Wheat,785240
2021-04,041,Wheat,854970
2021-05,041,Wheat,913658
2021-06,041,Wheat,981841
2021-07,041,Wheat,697905
2021-08,041,Wheat,817130
2021-09,041,Wheat,498169
2021-10,041,Wheat,608693
2021-11,041,Wheat,647577
2021-12,041,Wheat,963964
2022-01,041,Wheat,1174936
2022-02,041,Wheat,1249202
2022-03,041,Wheat,1101294
2022-04,041,Wheat,1146313
2022-05,041,Wheat,1127168
2022-06,041,Wheat,1303852
2022-07,041,Wheat,1390631
2022-08,041,Wheat,1307560
2022-09,041,Wheat,1033768
2022-10,041,Wheat,1211026
2022-11,041,Wheat,996174
2022-12,041,Wheat,1414913
2023-01,041,Wheat,1643098
2023-02,041,Wheat,1517795
2023-03,041,Wheat,1905044
2023-04,041,Wheat,1486205
2023-05,041,Wheat,1622771
2023-06,041,Wheat,1208871
2023-07,041,Wheat,1170972
2023-08,041,Wheat,977542
2023-09,041,Wheat,651433
2023-10,041,Wheat,655637
2023-11,041,Wheat,508481
2023-12,041,Wheat,611245
2024-01,041,Wheat,1146483
2024-02,041,Wheat,1042526
2024-03,041,Wheat,1146437
2024-04,041,Wheat,798755
2024-05,041,Wheat,658347
2024-06,041,Wheat,503530
2024-07,041,Wheat,617924
2024-08,041,Wheat,506062
2024-09,041,Wheat,407746
2024-10,041,Wheat,461501
2024-11,041,Wheat,242658
2024-12,041,Wheat,903525
2025-01,041,Wheat,748544
2025-02,041,Wheat,871706
2025-03,041,Wheat,850615
2025-04,041,Wheat,1071516
2025-05,041,Wheat,1035134
2025-06,041,Wheat,943569
2025-07,041,Wheat,891146
2025-08,041,Wheat,745526
2025-09,041,Wheat,735931
2025-10,041,Wheat,691793
2025-11,041,Wheat,436585
2025-12,041,Wheat,858617
2026-01,041,Wheat,963801
2026-02,041,Wheat,781333
2026-03,041,Wheat,714230
2026-04,041,Wheat,522767
2026-05,041,Wheat,750603
2026-06,041,Wheat,576349
2026-07,041,Wheat,768345
2026-08,041,Wheat,635356
1995-07,043,Barley,5387
1995-08,043,Barley,24298
1995-09,043,Barley,6102
1995-10,043,Barley,10632
1995-11,043,Barley,27482
1995-12,043,Barley,113352
1996-01,043,Barley,87745
1996-02,043,Barley,137989
1996-03,043,Barley,72055
1996-04,043,Barley,83898
1996-05,043,Barley,80872
1996-06,043,Barley,61122
1996-07,043,Barley,44467
1996-08,043,Barley,56922
1996-09,043,Barley,27814
1996-10,043,Barley,51574
1996-11,043,Barley,45249
1996-12,043,Barley,105109
1997-01,043,Barley,113007
1997-02,043,Barley,120984
1997-03,043,Barley,109056
1997-04,043,Barley,63970
1997-05,043,Barley,39410
1997-06,043,Barley,37466
1997-07,043,Barley,29508
1997-08,043,Barley,55427
1997-09,043,Barley,43460
1997-10,043,Barley,32438
1997-11,043,Barley,47546
1997-12,043,Barley,62040
1998-01,043,Barley,22545
1998-02,043,Barley,47289
1998-03,043,Barley,42653
1998-04,043,Barley,64644
1998-05,043,Barley,52419
1998-06,043,Barley,44573
1998-07,043,Barley,17506
1998-08,043,Barley,79028
1998-09,043,Barley,63030
1998-10,043,Barley,49603
1998-11,043,Barley,73537
1998-12,043,Barley,69495
1999-01,043,Barley,102613
1999-02,043,Barley,43792
1999-03,043,Barley,52348
1999-04,043,Barley,60481
1999-05,043,Barley,58498
1999-06,043,Barley,28059
1999-07,043,Barley,39330
1999-08,043,Barley,61745
1999-09,043,Barley,60449
1999-10,043,Barley,56474
1999-11,043,Barley,45932
1999-12,043,Barley,45838
2000-01,043,Barley,69415
2000-02,043,Barley,81769
2000-03,043,Barley,64368
2000-04,043,Barley,45736
2000-05,043,Barley,14331
2000-06,043,Barley,61004
2000-07,043,Barley,22169
2000-08,043,Barley,74129
2000-09,043,Barley,32541
2000-10,043,Barley,40341
2000-11,043,Barley,92089
2000-12,043,Barley,71708
2001-01,043,Barley,68160
2001-02,043,Barley,88305
2001-03,043,Barley,96986
2001-04,043,Barley,123560
2001-05,043,Barley,63223
2001-06,043,Barley,102713
2001-07,043,Barley,53626
2001-08,043,Barley,71796
2001-09,043,Barley,99875
2001-10,043,Barley,47420
2001-11,043,Barley,57795
2001-12,043,Barley,101078
2002-01,043,Barley,85017
2002-02,043,Barley,112255
2002-03,043,Barley,74885
2002-04,043,Barley,141357
2002-05,043,Barley,77895
2002-06,043,Barley,94444
2002-07,043,Barley,47301
2002-08,043,Barley,90584
2002-09,043,Barley,101742
2002-10,043,Barley,59839
2002-11,043,Barley,70777
2002-12,043,Barley,45839
2003-01,043,Barley,72563
2003-02,043,Barley,63453
2003-03,043,Barley,42166
2003-04,043,Barley,44057
2003-05,043,Barley,25952
2003-06,043,Barley,25841
2003-07,043,Barley,18618
2003-08,043,Barley,29622
2003-09,043,Barley,53159
2003-10,043,Barley,22986
2003-11,043,Barley,26678
2003-12,043,Barley,116687
2004-01,043,Barley,130453
2004-02,043,Barley,154403
2004-03,043,Barley,87568
2004-04,043,Barley,138769
2004-05,043,Barley,102927
2004-06,043,Barley,116228
2004-07,043,Barley,124163
2004-08,043,Barley,112506
2004-09,043,Barley,101996
2004-10,043,Barley,60722
2004-11,043,Barley,74457
2004-12,043,Barley,83322
2005-01,043,Barley,108227
2005-02,043,Barley,100130
2005-03,043,Barley,73421
2005-04,043,Barley,119660
2005-05,043,Barley,49399
2005-06,043,Barley,37027
2005-07,043,Barley,17636
2005-08,043,Barley,50540
2005-09,043,Barley,27891
2005-10,043,Barley,32652
2005-11,043,Barley,20893
2005-12,043,Barley,104638
2006-01,043,Barley,136318
2006-02,043,Barley,144680
2006-03,043,Barley,152566
2006-04,043,Barley,72038
2006-05,043,Barley,84171
2006-06,043,Barley,60410
2006-07,043,Barley,67296
2006-08,043,Barley,73049
2006-09,043,Barley,46819
2006-10,043,Barley,41742
2006-11,043,Barley,22833
2006-12,043,Barley,28402
2007-01,043,Barley,32113
2007-02,043,Barley,44785
2007-03,043,Barley,70780
2007-04,043,Barley,59921
2007-05,043,Barley,77998
2007-06,043,Barley,10604
2007-07,043,Barley,55833
2007-08,043,Barley,47451
2007-09,043,Barley,31653
2007-10,043,Barley,33016
2007-11,043,Barley,13764
2007-12,043,Barley,60242
2008-01,043,Barley,157546
2008-02,043,Barley,172034
2008-03,043,Barley,178437
2008-04,043,Barley,135533
2008-05,043,Barley,187137
2008-06,043,Barley,102474
2008-07,043,Barley,106873
2008-08,043,Barley,37318
2008-09,043,Barley,57669
2008-10,043,Barley,49876
2008-11,043,Barley,10943
2008-12,043,Barley,57326
2009-01,043,Barley,75353
2009-02,043,Barley,123081
2009-03,043,Barley,148263
2009-04,043,Barley,86518
2009-05,043,Barley,94167
2009-06,043,Barley,41705
2009-07,043,Barley,52292
2009-08,043,Barley,41562
2009-09,043,Barley,31292
2009-10,043,Barley,14908
2009-11,043,Barley,24707
2009-12,043,Barley,31902
2010-01,043,Barley,67032
2010-02,043,Barley,84131
2010-03,043,Barley,136885
2010-04,043,Barley,77539
2010-05,043,Barley,112532
2010-06,043,Barley,27122
2010-07,043,Barley,65038
2010-08,043,Barley,51388
2010-09,043,Barley,50604
2010-10,043,Barley,36229
2010-11,043,Barley,53918
2010-12,043,Barley,38386
2011-01,043,Barley,61204
2011-02,043,Barley,89408
2011-03,043,Barley,109162
2011-04,043,Barley,140445
2011-05,043,Barley,172580
2011-06,043,Barley,127904
2011-07,043,Barley,55542
2011-08,043,Barley,115969
2011-09,043,Barley,101222
2011-10,043,Barley,207657
2011-11,043,Barley,46197
2011-12,043,Barley,150752
2012-01,043,Barley,147739
2012-02,043,Barley,112082
2012-03,043,Barley,223582
2012-04,043,Barley,120034
2012-05,043,Barley,124552
2012-06,043,Barley,117866
2012-07,043,Barley,77670
2012-08,043,Barley,113835
2012-09,043,Barley,68230
2012-10,043,Barley,83264
2012-11,043,Barley,29962
2012-12,043,Barley,98211
2013-01,043,Barley,54713
2013-02,043,Barley,101738
2013-03,043,Barley,195349
2013-04,043,Barley,146373
2013-05,043,Barley,171017
2013-06,043,Barley,126502
2013-07,043,Barley,125447
2013-08,043,Barley,147791
2013-09,043,Barley,129032
2013-10,043,Barley,37974
2013-11,043,Barley,114940
2013-12,043,Barley,179519
2014-01,043,Barley,222043
2014-02,043,Barley,225490
2014-03,043,Barley,162337
2014-04,043,Barley,239811
2014-05,043,Barley,108686
2014-06,043,Barley,137488
2014-07,043,Barley,129218
2014-08,043,Barley,111651
2014-09,043,Barley,83896
2014-10,043,Barley,30501
2014-11,043,Barley,89199
2014-12,043,Barley,220071
2015-01,043,Barley,228934
2015-02,043,Barley,167100
2015-03,043,Barley,309274
2015-04,043,Barley,153868
2015-05,043,Barley,157088
2015-06,043,Barley,77267
2015-07,043,Barley,147250
2015-08,043,Barley,125111
2015-09,043,Barley,83807
2015-10,043,Barley,20227
2015-11,043,Barley,133370
2015-12,043,Barley,137701
2016-01,043,Barley,121522
2016-02,043,Barley,156091
2016-03,043,Barley,105441
2016-04,043,Barley,160085
2016-05,043,Barley,126190
2016-06,043,Barley,127929
2016-07,043,Barley,140319
2016-08,043,Barley,80650
2016-09,043,Barley,150993
2016-10,043,Barley,93491
2016-11,043,Barley,71085
2016-12,043,Barley,192335
2017-01,043,Barley,237045
2017-02,043,Barley,252760
2017-03,043,Barley,290502
2017-04,043,Barley,181608
2017-05,043,Barley,252923
2017-06,043,Barley,162446
2017-07,043,Barley,186582
2017-08,043,Barley,143052
2017-09,043,Barley,93015
2017-10,043,Barley,101403
2017-11,043,Barley,81401
2017-12,043,Barley,127332
2018-01,043,Barley,169228
2018-02,043,Barley,191877
2018-03,043,Barley,304901
2018-04,043,Barley,177828
2018-05,043,Barley,219744
2018-06,043,Barley,178431
2018-07,043,Barley,83356
2018-08,043,Barley,86357
2018-09,043,Barley,30290
2018-10,043,Barley,11136
2018-11,043,Barley,50102
2018-12,043,Barley,362462
2019-01,043,Barley,161857
2019-02,043,Barley,180712
2019-03,043,Barley,146020
2019-04,043,Barley,116491
2019-05,043,Barley,113801
2019-06,043,Barley,39248
2019-07,043,Barley,71010
2019-08,043,Barley,62092
2019-09,043,Barley,16905
2019-10,043,Barley,22526
2019-11,043,Barley,23394
2019-12,043,Barley,88583
2020-01,043,Barley,134316
2020-02,043,Barley,112452
2020-03,043,Barley,94332
2020-04,043,Barley,239534
2020-05,043,Barley,96918
2020-06,043,Barley,65571
2020-07,043,Barley,63148
2020-08,043,Barley,68280
2020-09,043,Barley,57030
2020-10,043,Barley,41356
2020-11,043,Barley,81928
2020-12,043,Barley,261590
2021-01,043,Barley,246828
2021-02,043,Barley,245917
2021-03,043,Barley,281211
2021-04,043,Barley,192902
2021-05,043,Barley,247819
2021-06,043,Barley,122016
2021-07,043,Barley,187236
2021-08,043,Barley,217172
2021-09,043,Barley,187573
2021-10,043,Barley,163547
2021-11,043,Barley,220082
2021-12,043,Barley,366629
2022-01,043,Barley,229284
2022-02,043,Barley,336879
2022-03,043,Barley,276619
2022-04,043,Barley,286181
2022-05,043,Barley,271179
2022-06,043,Barley,234396
2022-07,043,Barley,196735
2022-08,043,Barley,256263
2022-09,043,Barley,347864
2022-10,043,Barley,124789
2022-11,043,Barley,284768
2022-12,043,Barley,503397
2023-01,043,Barley,201601
2023-02,043,Barley,372511
2023-03,043,Barley,344518
2023-04,043,Barley,257452
2023-05,043,Barley,252050
2023-06,043,Barley,189736
2023-07,043,Barley,151793
2023-08,043,Barley,136902
2023-09,043,Barley,254132
2023-10,043,Barley,387255
2023-11,043,Barley,345737
2023-12,043,Barley,507597
2024-01,043,Barley,374836
2024-02,043,Barley,212419
2024-03,043,Barley,248849
2024-04,043,Barley,281891
2024-05,043,Barley,139474
2024-06,043,Barley,276447
2024-07,043,Barley,115516
2024-08,043,Barley,117492
2024-09,043,Barley,125686
2024-10,043,Barley,46808
2024-11,043,Barley,311036
2024-12,043,Barley,253884
2025-01,043,Barley,428944
2025-02,043,Barley,369410
2025-03,043,Barley,316223
2025-04,043,Barley,256452
2025-05,043,Barley,327857
2025-06,043,Barley,292479
2025-07,043,Barley,235958
2025-08,043,Barley,183810
2025-09,043,Barley,119509
2025-10,043,Barley,67467
2025-11,043,Barley,328237
2025-12,043,Barley,429755
2026-01,043,Barley,482144
2026-02,043,Barley,503025
2026-03,043,Barley,446256
2026-04,043,Barley,536110
2026-05,043,Barley,293368
2026-06,043,Barley,314729
2026-07,043,Barley,291073
2026-08,043,Barley,229806
1995-07,222,Oilseeds (incl. canola),6136
1995-08,222,Oilseeds (incl. canola),4553
1995-09,222,Oilseeds (incl. canola),5902
1995-10,222,Oilseeds (incl. canola),3899
1995-11,222,Oilseeds (incl. canola),3927
1995-12,222,Oilseeds (incl. canola),20995
1996-01,222,Oilseeds (incl. canola),26416
1996-02,222,Oilseeds (incl. canola),12118
1996-03,222,Oilseeds (incl. canola),25398
1996-04,222,Oilseeds (incl. canola),39488
1996-05,222,Oilseeds (incl. canola),31272
1996-06,222,Oilseeds (incl. canola),15129
1996-07,222,Oilseeds (incl. canola),16021
1996-08,222,Oilseeds (incl. canola),5974
1996-09,222,Oilseeds (incl. canola),11674
1996-10,222,Oilseeds (incl. canola),8184
1996-11,222,Oilseeds (incl. canola),8537
1996-12,222,Oilseeds (incl. canola),6141
1997-01,222,Oilseeds (incl. canola),16797
1997-02,222,Oilseeds (incl. canola),20872
1997-03,222,Oilseeds (incl. canola),20411
1997-04,222,Oilseeds (incl. canola),36093
1997-05,222,Oilseeds (incl. canola),21843
1997-06,222,Oilseeds (incl. canola),18661
1997-07,222,Oilseeds (incl. canola),34603
1997-08,222,Oilseeds (incl. canola),7754
1997-09,222,Oilseeds (incl. canola),8425
1997-10,222,Oilseeds (incl. canola),13839
1997-11,222,Oilseeds (incl. canola),24601
1997-12,222,Oilseeds (incl. canola),18970
1998-01,222,Oilseeds (incl. canola),42966
1998-02,222,Oilseeds (incl. canola),60449
1998-03,222,Oilseeds (incl. canola),69487
1998-04,222,Oilseeds (incl. canola),18197
1998-05,222,Oilseeds (incl. canola),29832
1998-06,222,Oilseeds (incl. canola),18069
1998-07,222,Oilseeds (incl. canola),19019
1998-08,222,Oilseeds (incl. canola),26756
1998-09,222,Oilseeds (incl. canola),6442
1998-10,222,Oilseeds (incl. canola),7235
1998-11,222,Oilseeds (incl. canola),17979
1998-12,222,Oilseeds (incl. canola),104186
1999-01,222,Oilseeds (incl. canola),119975
1999-02,222,Oilseeds (incl. canola),146348
1999-03,222,Oilseeds (incl. canola),67341
1999-04,222,Oilseeds (incl. canola),66484
1999-05,222,Oilseeds (incl. canola),60260
1999-06,222,Oilseeds (incl. canola),31565
1999-07,222,Oilseeds (incl. canola),27598
1999-08,222,Oilseeds (incl. canola),38521
1999-09,222,Oilseeds (incl. canola),13977
1999-10,222,Oilseeds (incl. canola),9697
1999-11,222,Oilseeds (incl. canola),71386
1999-12,222,Oilseeds (incl. canola),100569
2000-01,222,Oilseeds (incl. canola),119170
2000-02,222,Oilseeds (incl. canola),114325
2000-03,222,Oilseeds (incl. canola),120774
2000-04,222,Oilseeds (incl. canola),81234
2000-05,222,Oilseeds (incl. canola),49309
2000-06,222,Oilseeds (incl. canola),44458
2000-07,222,Oilseeds (incl. canola),46499
2000-08,222,Oilseeds (incl. canola),47998
2000-09,222,Oilseeds (incl. canola),23669
2000-10,222,Oilseeds (incl. canola),26807
2000-11,222,Oilseeds (incl. canola),10501
2000-12,222,Oilseeds (incl. canola),18649
2001-01,222,Oilseeds (incl. canola),81521
2001-02,222,Oilseeds (incl. canola),114164
2001-03,222,Oilseeds (incl. canola),140715
2001-04,222,Oilseeds (incl. canola),103139
2001-05,222,Oilseeds (incl. canola),40383
2001-06,222,Oilseeds (incl. canola),57108
2001-07,222,Oilseeds (incl. canola),40116
2001-08,222,Oilseeds (incl. canola),50692
2001-09,222,Oilseeds (incl. canola),23858
2001-10,222,Oilseeds (incl. canola),19405
2001-11,222,Oilseeds (incl. canola),31159
2001-12,222,Oilseeds (incl. canola),19964
2002-01,222,Oilseeds (incl. canola),90482
2002-02,222,Oilseeds (incl. canola),115369
2002-03,222,Oilseeds (incl. canola),166550
2002-04,222,Oilseeds (incl. canola),29201
2002-05,222,Oilseeds (incl. canola),124286
2002-06,222,Oilseeds (incl. canola),30835
2002-07,222,Oilseeds (incl. canola),48295
2002-08,222,Oilseeds (incl. canola),45406
2002-09,222,Oilseeds (incl. canola),28371
2002-10,222,Oilseeds (incl. canola),23792
2002-11,222,Oilseeds (incl. canola),17427
2002-12,222,Oilseeds (incl. canola),18389
2003-01,222,Oilseeds (incl. canola),25307
2003-02,222,Oilseeds (incl. canola),48369
2003-03,222,Oilseeds (incl. canola),42845
2003-04,222,Oilseeds (incl. canola),11756
2003-05,222,Oilseeds (incl. canola),49324
2003-06,222,Oilseeds (incl. canola),30236
2003-07,222,Oilseeds (incl. canola),22787
2003-08,222,Oilseeds (incl. canola),30566
2003-09,222,Oilseeds (incl. canola),17046
2003-10,222,Oilseeds (incl. canola),9268
2003-11,222,Oilseeds (incl. canola),10073
2003-12,222,Oilseeds (incl. canola),62092
2004-01,222,Oilseeds (incl. canola),101279
2004-02,222,Oilseeds (incl. canola),71297
2004-03,222,Oilseeds (incl. canola),52009
2004-04,222,Oilseeds (incl. canola),40050
2004-05,222,Oilseeds (incl. canola),54834
2004-06,222,Oilseeds (incl. canola),70106
2004-07,222,Oilseeds (incl. canola),48744
2004-08,222,Oilseeds (incl. canola),61668
2004-09,222,Oilseeds (incl. canola),20271
2004-10,222,Oilseeds (incl. canola),34041
2004-11,222,Oilseeds (incl. canola),11749
2004-12,222,Oilseeds (incl. canola),52017
2005-01,222,Oilseeds (incl. canola),27693
2005-02,222,Oilseeds (incl. canola),69290
2005-03,222,Oilseeds (incl. canola),35473
2005-04,222,Oilseeds (incl. canola),49977
2005-05,222,Oilseeds (incl. canola),57592
2005-06,222,Oilseeds (incl. canola),14731
2005-07,222,Oilseeds (incl. canola),9146
2005-08,222,Oilseeds (incl. canola),49331
2005-09,222,Oilseeds (incl. canola),7966
2005-10,222,Oilseeds (incl. canola),16621
2005-11,222,Oilseeds (incl. canola),11471
2005-12,222,Oilseeds (incl. canola),37195
2006-01,222,Oilseeds (incl. canola),55313
2006-02,222,Oilseeds (incl. canola),88642
2006-03,222,Oilseeds (incl. canola),26364
2006-04,222,Oilseeds (incl. canola),30568
2006-05,222,Oilseeds (incl. canola),39555
2006-06,222,Oilseeds (incl. canola),26108
2006-07,222,Oilseeds (incl. canola),16857
2006-08,222,Oilseeds (incl. canola),15947
2006-09,222,Oilseeds (incl. canola),7884
2006-10,222,Oilseeds (incl. canola),19141
2006-11,222,Oilseeds (incl. canola),5501
2006-12,222,Oilseeds (incl. canola),16882
2007-01,222,Oilseeds (incl. canola),15998
2007-02,222,Oilseeds (incl. canola),14356
2007-03,222,Oilseeds (incl. canola),14449
2007-04,222,Oilseeds (incl. canola),20364
2007-05,222,Oilseeds (incl. canola),3141
2007-06,222,Oilseeds (incl. canola),5010
2007-07,222,Oilseeds (incl. canola),12159
2007-08,222,Oilseeds (incl. canola),21075
2007-09,222,Oilseeds (incl. canola),3490
2007-10,222,Oilseeds (incl. canola),16293
2007-11,222,Oilseeds (incl. canola),3735
2007-12,222,Oilseeds (incl. canola),5160
2008-01,222,Oilseeds (incl. canola),85176
2008-02,222,Oilseeds (incl. canola),34944
2008-03,222,Oilseeds (incl. canola),80647
2008-04,222,Oilseeds (incl. canola),48321
2008-05,222,Oilseeds (incl. canola),16214
2008-06,222,Oilseeds (incl. canola),6240
2008-07,222,Oilseeds (incl. canola),21501
2008-08,222,Oilseeds (incl. canola),6953
2008-09,222,Oilseeds (incl. canola),4927
2008-10,222,Oilseeds (incl. canola),6193
2008-11,222,Oilseeds (incl. canola),4091
2008-12,222,Oilseeds (incl. canola),60477
2009-01,222,Oilseeds (incl. canola),185728
2009-02,222,Oilseeds (incl. canola),62893
2009-03,222,Oilseeds (incl. canola),126365
2009-04,222,Oilseeds (incl. canola),96166
2009-05,222,Oilseeds (incl. canola),49657
2009-06,222,Oilseeds (incl. canola),11798
2009-07,222,Oilseeds (incl. canola),28150
2009-08,222,Oilseeds (incl. canola),31599
2009-09,222,Oilseeds (incl. canola),43200
2009-10,222,Oilseeds (incl. canola),5471
2009-11,222,Oilseeds (incl. canola),16238
2009-12,222,Oilseeds (incl. canola),91462
2010-01,222,Oilseeds (incl. canola),122132
2010-02,222,Oilseeds (incl. canola),84760
2010-03,222,Oilseeds (incl. canola),53825
2010-04,222,Oilseeds (incl. canola),40694
2010-05,222,Oilseeds (incl. canola),86723
2010-06,222,Oilseeds (incl. canola),43389
2010-07,222,Oilseeds (incl. canola),25875
2010-08,222,Oilseeds (incl. canola),22734
2010-09,222,Oilseeds (incl. canola),9283
2010-10,222,Oilseeds (incl. canola),6662
2010-11,222,Oilseeds (incl. canola),34857
2010-12,222,Oilseeds (incl. canola),38421
2011-01,222,Oilseeds (incl. canola),147467
2011-02,222,Oilseeds (incl. canola),102256
2011-03,222,Oilseeds (incl. canola),119077
2011-04,222,Oilseeds (incl. canola),206880
2011-05,222,Oilseeds (incl. canola),176162
2011-06,222,Oilseeds (incl. canola),70841
2011-07,222,Oilseeds (incl. canola),28073
2011-08,222,Oilseeds (incl. canola),108800
2011-09,222,Oilseeds (incl. canola),34510
2011-10,222,Oilseeds (incl. canola),35803
2011-11,222,Oilseeds (incl. canola),79153
2011-12,222,Oilseeds (incl. canola),177649
2012-01,222,Oilseeds (incl. canola),176022
2012-02,222,Oilseeds (incl. canola),151713
2012-03,222,Oilseeds (incl. canola),254611
2012-04,222,Oilseeds (incl. canola),172899
2012-05,222,Oilseeds (incl. canola),212060
2012-06,222,Oilseeds (incl. canola),112547
2012-07,222,Oilseeds (incl. canola),90404
2012-08,222,Oilseeds (incl. canola),125977
2012-09,222,Oilseeds (incl. canola),96636
2012-10,222,Oilseeds (incl. canola),47911
2012-11,222,Oilseeds (incl. canola),68219
2012-12,222,Oilseeds (incl. canola),270931
2013-01,222,Oilseeds (incl. canola),224380
2013-02,222,Oilseeds (incl. canola),280951
2013-03,222,Oilseeds (incl. canola),365067
2013-04,222,Oilseeds (incl. canola),387974
2013-05,222,Oilseeds (incl. canola),164354
2013-06,222,Oilseeds (incl. canola),197694
2013-07,222,Oilseeds (incl. canola),180032
2013-08,222,Oilseeds (incl. canola),133209
2013-09,222,Oilseeds (incl. canola),23198
2013-10,222,Oilseeds (incl. canola),51197
2013-11,222,Oilseeds (incl. canola),192909
2013-12,222,Oilseeds (incl. canola),314872
2014-01,222,Oilseeds (incl. canola),341706
2014-02,222,Oilseeds (incl. canola),229829
2014-03,222,Oilseeds (incl. canola),285236
2014-04,222,Oilseeds (incl. canola),163084
2014-05,222,Oilseeds (incl. canola),101217
2014-06,222,Oilseeds (incl. canola),93557
2014-07,222,Oilseeds (incl. canola),48498
2014-08,222,Oilseeds (incl. canola),22076
2014-09,222,Oilseeds (incl. canola),14083
2014-10,222,Oilseeds (incl. canola),24619
2014-11,222,Oilseeds (incl. canola),96559
2014-12,222,Oilseeds (incl. canola),184937
2015-01,222,Oilseeds (incl. canola),272344
2015-02,222,Oilseeds (incl. canola),231514
2015-03,222,Oilseeds (incl. canola),195763
2015-04,222,Oilseeds (incl. canola),142980
2015-05,222,Oilseeds (incl. canola),132016
2015-06,222,Oilseeds (incl. canola),67239
2015-07,222,Oilseeds (incl. canola),11047
2015-08,222,Oilseeds (incl. canola),31420
2015-09,222,Oilseeds (incl. canola),41408
2015-10,222,Oilseeds (incl. canola),100283
2015-11,222,Oilseeds (incl. canola),204302
2015-12,222,Oilseeds (incl. canola),154528
2016-01,222,Oilseeds (incl. canola),197763
2016-02,222,Oilseeds (incl. canola),152460
2016-03,222,Oilseeds (incl. canola),89783
2016-04,222,Oilseeds (incl. canola),129090
2016-05,222,Oilseeds (incl. canola),45092
2016-06,222,Oilseeds (incl. canola),25352
2016-07,222,Oilseeds (incl. canola),37940
2016-08,222,Oilseeds (incl. canola),39650
2016-09,222,Oilseeds (incl. canola),82897
2016-10,222,Oilseeds (incl. canola),10166
2016-11,222,Oilseeds (incl. canola),299513
2016-12,222,Oilseeds (incl. canola),291003
2017-01,222,Oilseeds (incl. canola),326961
2017-02,222,Oilseeds (incl. canola),279940
2017-03,222,Oilseeds (incl. canola),357040
2017-04,222,Oilseeds (incl. canola),352735
2017-05,222,Oilseeds (incl. canola),155363
2017-06,222,Oilseeds (incl. canola),44504
2017-07,222,Oilseeds (incl. canola),29913
2017-08,222,Oilseeds (incl. canola),37480
2017-09,222,Oilseeds (incl. canola),8598
2017-10,222,Oilseeds (incl. canola),4759
2017-11,222,Oilseeds (incl. canola),89403
2017-12,222,Oilseeds (incl. canola),201357
2018-01,222,Oilseeds (incl. canola),113705
2018-02,222,Oilseeds (incl. canola),299903
2018-03,222,Oilseeds (incl. canola),220624
2018-04,222,Oilseeds (incl. canola),317667
2018-05,222,Oilseeds (incl. canola),35022
2018-06,222,Oilseeds (incl. canola),48626
2018-07,222,Oilseeds (incl. canola),41729
2018-08,222,Oilseeds (incl. canola),68415
2018-09,222,Oilseeds (incl. canola),26741
2018-10,222,Oilseeds (incl. canola),7387
2018-11,222,Oilseeds (incl. canola),93207
2018-12,222,Oilseeds (incl. canola),99048
2019-01,222,Oilseeds (incl. canola),273842
2019-02,222,Oilseeds (incl. canola),97063
2019-03,222,Oilseeds (incl. canola),164185
2019-04,222,Oilseeds (incl. canola),89724
2019-05,222,Oilseeds (incl. canola),23431
2019-06,222,Oilseeds (incl. canola),12528
2019-07,222,Oilseeds (incl. canola),25883
2019-08,222,Oilseeds (incl. canola),46405
2019-09,222,Oilseeds (incl. canola),40765
2019-10,222,Oilseeds (incl. canola),26283
2019-11,222,Oilseeds (incl. canola),51547
2019-12,222,Oilseeds (incl. canola),173355
2020-01,222,Oilseeds (incl. canola),200632
2020-02,222,Oilseeds (incl. canola),114499
2020-03,222,Oilseeds (incl. canola),250837
2020-04,222,Oilseeds (incl. canola),99522
2020-05,222,Oilseeds (incl. canola),116855
2020-06,222,Oilseeds (incl. canola),41663
2020-07,222,Oilseeds (incl. canola),2618
2020-08,222,Oilseeds (incl. canola),1824
2020-09,222,Oilseeds (incl. canola),9814
2020-10,222,Oilseeds (incl. canola),3750
2020-11,222,Oilseeds (incl. canola),150819
2020-12,222,Oilseeds (incl. canola),180593
2021-01,222,Oilseeds (incl. canola),332054
2021-02,222,Oilseeds (incl. canola),162479
2021-03,222,Oilseeds (incl. canola),524592
2021-04,222,Oilseeds (incl. canola),311444
2021-05,222,Oilseeds (incl. canola),356733
2021-06,222,Oilseeds (incl. canola),176908
2021-07,222,Oilseeds (incl. canola),138371
2021-08,222,Oilseeds (incl. canola),131773
2021-09,222,Oilseeds (incl. canola),119830
2021-10,222,Oilseeds (incl. canola),74137
2021-11,222,Oilseeds (incl. canola),508348
2021-12,222,Oilseeds (incl. canola),320888
2022-01,222,Oilseeds (incl. canola),859094
2022-02,222,Oilseeds (incl. canola),610819
2022-03,222,Oilseeds (incl. canola),940574
2022-04,222,Oilseeds (incl. canola),801652
2022-05,222,Oilseeds (incl. canola),784007
2022-06,222,Oilseeds (incl. canola),675493
2022-07,222,Oilseeds (incl. canola),522406
2022-08,222,Oilseeds (incl. canola),268845
2022-09,222,Oilseeds (incl. canola),308228
2022-10,222,Oilseeds (incl. canola),234669
2022-11,222,Oilseeds (incl. canola),912029
2022-12,222,Oilseeds (incl. canola),836727
2023-01,222,Oilseeds (incl. canola),664090
2023-02,222,Oilseeds (incl. canola),538515
2023-03,222,Oilseeds (incl. canola),703076
2023-04,222,Oilseeds (incl. canola),315454
2023-05,222,Oilseeds (incl. canola),511703
2023-06,222,Oilseeds (incl. canola),360734
2023-07,222,Oilseeds (incl. canola),439338
2023-08,222,Oilseeds (incl. canola),404468
2023-09,222,Oilseeds (incl. canola),363226
2023-10,222,Oilseeds (incl. canola),360149
2023-11,222,Oilseeds (incl. canola),427829
2023-12,222,Oilseeds (incl. canola),413257
2024-01,222,Oilseeds (incl. canola),318843
2024-02,222,Oilseeds (incl. canola),603509
2024-03,222,Oilseeds (incl. canola),381625
2024-04,222,Oilseeds (incl. canola),447777
2024-05,222,Oilseeds (incl. canola),565160
2024-06,222,Oilseeds (incl. canola),409621
2024-07,222,Oilseeds (incl. canola),375412
2024-08,222,Oilseeds (incl. canola),341089
2024-09,222,Oilseeds (incl. canola),303630
2024-10,222,Oilseeds (incl. canola),159268
2024-11,222,Oilseeds (incl. canola),605616
2024-12,222,Oilseeds (incl. canola),490117
2025-01,222,Oilseeds (incl. canola),664733
2025-02,222,Oilseeds (incl. canola),423569
2025-03,222,Oilseeds (incl. canola),767773
2025-04,222,Oilseeds (incl. canola),418585
2025-05,222,Oilseeds (incl. canola),556716
2025-06,222,Oilseeds (incl. canola),154952
2025-07,222,Oilseeds (incl. canola),167817
2025-08,222,Oilseeds (incl. canola),203082
2025-09,222,Oilseeds (incl. canola),179834
2025-10,222,Oilseeds (incl. canola),71775
2025-11,222,Oilseeds (incl. canola),519819
2025-12,222,Oilseeds (incl. canola),482593
2026-01,222,Oilseeds (incl. canola),458693
2026-02,222,Oilseeds (incl. canola),635962
2026-03,222,Oilseeds (incl. canola),431026
2026-04,222,Oilseeds (incl. canola),390824
2026-05,222,Oilseeds (incl. canola),344864
2026-06,222,Oilseeds (incl. canola),258656
2026-07,222,Oilseeds (incl. canola),167883
2026-08,222,Oilseeds (incl. canola),236011
