year,sa2_code,sa2_name,state,crop,area_ha,production_t
2024-25,101031013,Bombala,NSW,Barley,2641,4871
2024-25,101061542,Yass Surrounds,NSW,Canola,1273,2023
2024-25,101061542,Yass Surrounds,NSW,Wheat,2645,4486
2024-25,101061543,Young,NSW,Canola,2105,8399
2024-25,101061543,Young,NSW,Oats,334,253
2024-25,101061543,Young,NSW,Wheat,2713,25666
2024-25,101061544,Young Surrounds,NSW,Barley,3325,19785
2024-25,101061544,Young Surrounds,NSW,Canola,38601,75915
2024-25,101061544,Young Surrounds,NSW,Faba beans,762,2484
2024-25,101061544,Young Surrounds,NSW,Field peas,82,2
2024-25,101061544,Young Surrounds,NSW,Lupins,348,1312
2024-25,101061544,Young Surrounds,NSW,Oats,2146,377
2024-25,101061544,Young Surrounds,NSW,Wheat,51781,213868
2024-25,103021062,Condobolin,NSW,Barley,97171,201176
2024-25,103021062,Condobolin,NSW,Canola,70515,75211
2024-25,103021062,Condobolin,NSW,Chickpeas,4579,6922
2024-25,103021062,Condobolin,NSW,Faba beans,4531,5020
2024-25,103021062,Condobolin,NSW,Field peas,1498,593
2024-25,103021062,Condobolin,NSW,Lentils,346,84
2024-25,103021062,Condobolin,NSW,Lupins,9331,10681
2024-25,103021062,Condobolin,NSW,Oats,26643,19740
2024-25,103021062,Condobolin,NSW,Sorghum,2093,6023
2024-25,103021062,Condobolin,NSW,Wheat,286384,769580
2024-25,103021063,Cowra,NSW,Barley,186,721
2024-25,103021063,Cowra,NSW,Canola,1383,5044
2024-25,103021063,Cowra,NSW,Maize,891,1254
2024-25,103021063,Cowra,NSW,Oats,625,380
2024-25,103021063,Cowra,NSW,Wheat,3029,30078
2024-25,103021064,Cowra Surrounds,NSW,Barley,2006,2840
2024-25,103021064,Cowra Surrounds,NSW,Canola,17014,28660
2024-25,103021064,Cowra Surrounds,NSW,Chickpeas,158,271
2024-25,103021064,Cowra Surrounds,NSW,Faba beans,904,1096
2024-25,103021064,Cowra Surrounds,NSW,Lupins,918,308
2024-25,103021064,Cowra Surrounds,NSW,Maize,298,68
2024-25,103021064,Cowra Surrounds,NSW,Oats,1583,615
2024-25,103021064,Cowra Surrounds,NSW,Wheat,27091,81251
2024-25,103021065,Forbes,NSW,Barley,19103,51123
2024-25,103021065,Forbes,NSW,Canola,42687,61419
2024-25,103021065,Forbes,NSW,Chickpeas,3902,5276
2024-25,103021065,Forbes,NSW,Faba beans,4072,8917
2024-25,103021065,Forbes,NSW,Field peas,147,136
2024-25,103021065,Forbes,NSW,Lentils,125,30
2024-25,103021065,Forbes,NSW,Lupins,1080,1311
2024-25,103021065,Forbes,NSW,Maize,1643,376
2024-25,103021065,Forbes,NSW,Oats,7339,2185
2024-25,103021065,Forbes,NSW,Sorghum,1486,2240
2024-25,103021065,Forbes,NSW,Wheat,81716,241359
2024-25,103021066,Grenfell,NSW,Barley,12723,32520
2024-25,103021066,Grenfell,NSW,Canola,37375,61926
2024-25,103021066,Grenfell,NSW,Chickpeas,103,163
2024-25,103021066,Grenfell,NSW,Faba beans,1538,4180
2024-25,103021066,Grenfell,NSW,Lupins,1063,1465
2024-25,103021066,Grenfell,NSW,Oats,2490,343
2024-25,103021066,Grenfell,NSW,Wheat,60140,236564
2024-25,103021067,Parkes (NSW),NSW,Barley,1074,6198
2024-25,103021067,Parkes (NSW),NSW,Canola,1888,6988
2024-25,103021067,Parkes (NSW),NSW,Oats,157,28
2024-25,103021067,Parkes (NSW),NSW,Wheat,4086,39366
2024-25,103021068,Parkes Surrounds,NSW,Barley,17250,54092
2024-25,103021068,Parkes Surrounds,NSW,Canola,28678,32322
2024-25,103021068,Parkes Surrounds,NSW,Chickpeas,1094,2807
2024-25,103021068,Parkes Surrounds,NSW,Faba beans,2421,4471
2024-25,103021068,Parkes Surrounds,NSW,Field peas,177,21
2024-25,103021068,Parkes Surrounds,NSW,Lupins,4421,3689
2024-25,103021068,Parkes Surrounds,NSW,Oats,5567,592
2024-25,103021068,Parkes Surrounds,NSW,Sorghum,3137,8037
2024-25,103021068,Parkes Surrounds,NSW,Wheat,79696,205472
2024-25,103021069,West Wyalong,NSW,Barley,94668,213229
2024-25,103021069,West Wyalong,NSW,Canola,77441,79012
2024-25,103021069,West Wyalong,NSW,Chickpeas,1259,1672
2024-25,103021069,West Wyalong,NSW,Faba beans,1658,3830
2024-25,103021069,West Wyalong,NSW,Field peas,2535,1595
2024-25,103021069,West Wyalong,NSW,Lentils,202,49
2024-25,103021069,West Wyalong,NSW,Lupins,13076,13352
2024-25,103021069,West Wyalong,NSW,Oats,12490,11897
2024-25,103021069,West Wyalong,NSW,Wheat,193515,511180
2024-25,103031074,Mudgee Surrounds - West,NSW,Barley,2673,10996
2024-25,103031074,Mudgee Surrounds - West,NSW,Canola,2896,4498
2024-25,103031074,Mudgee Surrounds - West,NSW,Chickpeas,109,144
2024-25,103031074,Mudgee Surrounds - West,NSW,Oats,3717,529
2024-25,103031074,Mudgee Surrounds - West,NSW,Sorghum,460,3085
2024-25,103031074,Mudgee Surrounds - West,NSW,Wheat,6827,20585
2024-25,103041076,Blayney,NSW,Wheat,876,5318
2024-25,103041079,Orange Surrounds,NSW,Barley,921,1433
2024-25,103041079,Orange Surrounds,NSW,Canola,5360,12072
2024-25,103041079,Orange Surrounds,NSW,Faba beans,268,553
2024-25,103041079,Orange Surrounds,NSW,Lupins,550,530
2024-25,103041079,Orange Surrounds,NSW,Oats,2211,144
2024-25,103041079,Orange Surrounds,NSW,Wheat,9307,29341
2024-25,104011081,Grafton Surrounds,NSW,Wheat,330,1227
2024-25,104021083,Bellingen,NSW,Barley,1448,4356
2024-25,104021083,Bellingen,NSW,Chickpeas,1156,1910
2024-25,104021083,Bellingen,NSW,Sorghum,503,2138
2024-25,104021083,Bellingen,NSW,Wheat,1627,606
2024-25,104021086,Coramba - Nana Glen - Bucca,NSW,Wheat,551,1595
2024-25,105011092,Bourke - Brewarrina,NSW,Barley,2779,4782
2024-25,105011092,Bourke - Brewarrina,NSW,Canola,3690,787
2024-25,105011092,Bourke - Brewarrina,NSW,Chickpeas,675,77
2024-25,105011092,Bourke - Brewarrina,NSW,Field peas,903,81
2024-25,105011092,Bourke - Brewarrina,NSW,Oats,225,13
2024-25,105011092,Bourke - Brewarrina,NSW,Sorghum,684,1538
2024-25,105011092,Bourke - Brewarrina,NSW,Wheat,11668,3146
2024-25,105011093,Cobar,NSW,Barley,17451,10516
2024-25,105011093,Cobar,NSW,Canola,14499,5647
2024-25,105011093,Cobar,NSW,Lupins,238,149
2024-25,105011093,Cobar,NSW,Oats,3397,2728
2024-25,105011093,Cobar,NSW,Wheat,55537,49125
2024-25,105011094,Coonamble,NSW,Barley,36437,88151
2024-25,105011094,Coonamble,NSW,Canola,28366,52900
2024-25,105011094,Coonamble,NSW,Chickpeas,62252,89581
2024-25,105011094,Coonamble,NSW,Faba beans,13222,17226
2024-25,105011094,Coonamble,NSW,Field peas,559,50
2024-25,105011094,Coonamble,NSW,Lentils,211,289
2024-25,105011094,Coonamble,NSW,Lupins,8762,11948
2024-25,105011094,Coonamble,NSW,Oats,15732,1260
2024-25,105011094,Coonamble,NSW,Sorghum,3891,16555
2024-25,105011094,Coonamble,NSW,Wheat,190805,563025
2024-25,105011095,Nyngan - Warren,NSW,Barley,56088,68403
2024-25,105011095,Nyngan - Warren,NSW,Canola,23389,40903
2024-25,105011095,Nyngan - Warren,NSW,Chickpeas,19356,30244
2024-25,105011095,Nyngan - Warren,NSW,Faba beans,4030,5622
2024-25,105011095,Nyngan - Warren,NSW,Field peas,474,302
2024-25,105011095,Nyngan - Warren,NSW,Lupins,4934,3763
2024-25,105011095,Nyngan - Warren,NSW,Maize,120,696
2024-25,105011095,Nyngan - Warren,NSW,Oats,12576,2682
2024-25,105011095,Nyngan - Warren,NSW,Sorghum,124,280
2024-25,105011095,Nyngan - Warren,NSW,Wheat,152230,411475
2024-25,105011096,Walgett - Lightning Ridge,NSW,Barley,22871,37305
2024-25,105011096,Walgett - Lightning Ridge,NSW,Canola,18866,30978
2024-25,105011096,Walgett - Lightning Ridge,NSW,Chickpeas,140222,300318
2024-25,105011096,Walgett - Lightning Ridge,NSW,Faba beans,22618,37450
2024-25,105011096,Walgett - Lightning Ridge,NSW,Field peas,120,11
2024-25,105011096,Walgett - Lightning Ridge,NSW,Lupins,203,9
2024-25,105011096,Walgett - Lightning Ridge,NSW,Oats,6027,357
2024-25,105011096,Walgett - Lightning Ridge,NSW,Sorghum,4648,26338
2024-25,105011096,Walgett - Lightning Ridge,NSW,Wheat,346992,1141145
2024-25,105031099,Coonabarabran,NSW,Barley,3818,11756
2024-25,105031099,Coonabarabran,NSW,Canola,8653,16485
2024-25,105031099,Coonabarabran,NSW,Chickpeas,5089,8952
2024-25,105031099,Coonabarabran,NSW,Faba beans,1816,1449
2024-25,105031099,Coonabarabran,NSW,Lupins,778,275
2024-25,105031099,Coonabarabran,NSW,Oats,11742,2158
2024-25,105031099,Coonabarabran,NSW,Sorghum,8232,42529
2024-25,105031099,Coonabarabran,NSW,Wheat,29970,99969
2024-25,105031100,Dubbo - East,NSW,Oats,353,77
2024-25,105031100,Dubbo - East,NSW,Wheat,122,1127
2024-25,105031102,Dubbo - West,NSW,Chickpeas,530,67
2024-25,105031102,Dubbo - West,NSW,Oats,201,262
2024-25,105031102,Dubbo - West,NSW,Wheat,115,817
2024-25,105031103,Dubbo Surrounds,NSW,Barley,4196,9604
2024-25,105031103,Dubbo Surrounds,NSW,Canola,5197,11287
2024-25,105031103,Dubbo Surrounds,NSW,Chickpeas,923,1642
2024-25,105031103,Dubbo Surrounds,NSW,Faba beans,281,561
2024-25,105031103,Dubbo Surrounds,NSW,Lupins,484,565
2024-25,105031103,Dubbo Surrounds,NSW,Maize,748,619
2024-25,105031103,Dubbo Surrounds,NSW,Oats,6680,689
2024-25,105031103,Dubbo Surrounds,NSW,Wheat,16038,57317
2024-25,105031104,Gilgandra,NSW,Barley,22340,61382
2024-25,105031104,Gilgandra,NSW,Canola,15923,44782
2024-25,105031104,Gilgandra,NSW,Chickpeas,12774,32378
2024-25,105031104,Gilgandra,NSW,Faba beans,7338,17154
2024-25,105031104,Gilgandra,NSW,Field peas,137,54
2024-25,105031104,Gilgandra,NSW,Lupins,5445,6924
2024-25,105031104,Gilgandra,NSW,Oats,9649,1292
2024-25,105031104,Gilgandra,NSW,Sorghum,1020,5994
2024-25,105031104,Gilgandra,NSW,Wheat,80532,295316
2024-25,105031105,Narromine,NSW,Barley,16055,38203
2024-25,105031105,Narromine,NSW,Canola,42263,74980
2024-25,105031105,Narromine,NSW,Chickpeas,25541,45000
2024-25,105031105,Narromine,NSW,Faba beans,7487,14609
2024-25,105031105,Narromine,NSW,Field peas,274,436
2024-25,105031105,Narromine,NSW,Lupins,5883,8119
2024-25,105031105,Narromine,NSW,Maize,323,1302
2024-25,105031105,Narromine,NSW,Oats,9676,1165
2024-25,105031105,Narromine,NSW,Sorghum,798,3186
2024-25,105031105,Narromine,NSW,Wheat,130340,456791
2024-25,105031106,Wellington,NSW,Barley,1656,6345
2024-25,105031106,Wellington,NSW,Canola,5652,12294
2024-25,105031106,Wellington,NSW,Lupins,305,257
2024-25,105031106,Wellington,NSW,Maize,359,298
2024-25,105031106,Wellington,NSW,Oats,4819,1387
2024-25,105031106,Wellington,NSW,Wheat,14773,66702
2024-25,106011110,Dungog,NSW,Sorghum,111,275
2024-25,106021615,Rutherford (North) - Aberglasslyn,NSW,Sorghum,527,2747
2024-25,106041129,Scone Surrounds,NSW,Barley,801,4354
2024-25,106041129,Scone Surrounds,NSW,Canola,2304,7575
2024-25,106041129,Scone Surrounds,NSW,Oats,2488,211
2024-25,106041129,Scone Surrounds,NSW,Sorghum,188,672
2024-25,106041129,Scone Surrounds,NSW,Wheat,4527,20722
2024-25,107031140,Kiama Hinterland - Gerringong,NSW,Wheat,364,1868
2024-25,108021156,Kempsey Surrounds,NSW,Sorghum,212,903
2024-25,109011175,Albury Surrounds,NSW,Barley,5123,22431
2024-25,109011175,Albury Surrounds,NSW,Canola,26792,61310
2024-25,109011175,Albury Surrounds,NSW,Faba beans,1194,2937
2024-25,109011175,Albury Surrounds,NSW,Lentils,120,121
2024-25,109011175,Albury Surrounds,NSW,Lupins,734,1311
2024-25,109011175,Albury Surrounds,NSW,Oats,842,2372
2024-25,109011175,Albury Surrounds,NSW,Wheat,46401,148548
2024-25,109021177,Hay,NSW,Barley,1778,5085
2024-25,109021177,Hay,NSW,Canola,1686,4872
2024-25,109021177,Hay,NSW,Chickpeas,568,3879
2024-25,109021177,Hay,NSW,Maize,3116,7604
2024-25,109021177,Hay,NSW,Oats,325,248
2024-25,109021177,Hay,NSW,Rice,107,688
2024-25,109021177,Hay,NSW,Sorghum,115,152
2024-25,109021177,Hay,NSW,Wheat,13771,81076
2024-25,109021179,Wentworth-Balranald Region,NSW,Barley,31151,58585
2024-25,109021179,Wentworth-Balranald Region,NSW,Canola,1202,4191
2024-25,109021179,Wentworth-Balranald Region,NSW,Chickpeas,314,2147
2024-25,109021179,Wentworth-Balranald Region,NSW,Faba beans,131,398
2024-25,109021179,Wentworth-Balranald Region,NSW,Field peas,3681,1116
2024-25,109021179,Wentworth-Balranald Region,NSW,Lentils,12826,7706
2024-25,109021179,Wentworth-Balranald Region,NSW,Lupins,409,666
2024-25,109021179,Wentworth-Balranald Region,NSW,Maize,305,130
2024-25,109021179,Wentworth-Balranald Region,NSW,Oats,1075,3538
2024-25,109021179,Wentworth-Balranald Region,NSW,Sorghum,197,334
2024-25,109021179,Wentworth-Balranald Region,NSW,Wheat,79638,163597
2024-25,109031180,Corowa,NSW,Barley,199,890
2024-25,109031180,Corowa,NSW,Canola,343,1316
2024-25,109031180,Corowa,NSW,Faba beans,128,163
2024-25,109031180,Corowa,NSW,Wheat,1274,10950
2024-25,109031181,Corowa Surrounds,NSW,Barley,33242,158125
2024-25,109031181,Corowa Surrounds,NSW,Canola,77262,158690
2024-25,109031181,Corowa Surrounds,NSW,Chickpeas,284,1941
2024-25,109031181,Corowa Surrounds,NSW,Faba beans,3123,5383
2024-25,109031181,Corowa Surrounds,NSW,Lentils,716,199
2024-25,109031181,Corowa Surrounds,NSW,Lupins,1958,3428
2024-25,109031181,Corowa Surrounds,NSW,Maize,3458,23969
2024-25,109031181,Corowa Surrounds,NSW,Oats,1931,2142
2024-25,109031181,Corowa Surrounds,NSW,Rice,133,1173
2024-25,109031181,Corowa Surrounds,NSW,Sorghum,374,106
2024-25,109031181,Corowa Surrounds,NSW,Wheat,128028,475043
2024-25,109031182,Deniliquin,NSW,Barley,432,2543
2024-25,109031182,Deniliquin,NSW,Canola,246,877
2024-25,109031182,Deniliquin,NSW,Rice,132,1682
2024-25,109031182,Deniliquin,NSW,Wheat,845,8369
2024-25,109031183,Deniliquin Surrounds,NSW,Barley,78312,160558
2024-25,109031183,Deniliquin Surrounds,NSW,Canola,56561,81462
2024-25,109031183,Deniliquin Surrounds,NSW,Chickpeas,640,4376
2024-25,109031183,Deniliquin Surrounds,NSW,Faba beans,6288,19753
2024-25,109031183,Deniliquin Surrounds,NSW,Field peas,3221,722
2024-25,109031183,Deniliquin Surrounds,NSW,Lentils,7205,5586
2024-25,109031183,Deniliquin Surrounds,NSW,Lupins,1527,2127
2024-25,109031183,Deniliquin Surrounds,NSW,Maize,5979,23211
2024-25,109031183,Deniliquin Surrounds,NSW,Oats,8180,10221
2024-25,109031183,Deniliquin Surrounds,NSW,Rice,15858,197320
2024-25,109031183,Deniliquin Surrounds,NSW,Sorghum,1081,496
2024-25,109031183,Deniliquin Surrounds,NSW,Wheat,148433,382480
2024-25,109031184,Moama,NSW,Barley,1243,6857
2024-25,109031184,Moama,NSW,Canola,1019,3425
2024-25,109031184,Moama,NSW,Oats,162,713
2024-25,109031184,Moama,NSW,Wheat,1757,16550
2024-25,109031185,Tocumwal - Finley - Jerilderie,NSW,Barley,28782,88150
2024-25,109031185,Tocumwal - Finley - Jerilderie,NSW,Canola,50895,104427
2024-25,109031185,Tocumwal - Finley - Jerilderie,NSW,Chickpeas,138,944
2024-25,109031185,Tocumwal - Finley - Jerilderie,NSW,Faba beans,5056,15786
2024-25,109031185,Tocumwal - Finley - Jerilderie,NSW,Field peas,676,312
2024-25,109031185,Tocumwal - Finley - Jerilderie,NSW,Lentils,489,136
2024-25,109031185,Tocumwal - Finley - Jerilderie,NSW,Lupins,1001,2292
2024-25,109031185,Tocumwal - Finley - Jerilderie,NSW,Maize,6526,66497
2024-25,109031185,Tocumwal - Finley - Jerilderie,NSW,Oats,1948,3293
2024-25,109031185,Tocumwal - Finley - Jerilderie,NSW,Rice,3934,47722
2024-25,109031185,Tocumwal - Finley - Jerilderie,NSW,Sorghum,457,730
2024-25,109031185,Tocumwal - Finley - Jerilderie,NSW,Wheat,89501,398775
2024-25,110021190,Glen Innes,NSW,Maize,259,2784
2024-25,110021191,Inverell,NSW,Barley,244,1452
2024-25,110021191,Inverell,NSW,Oats,194,620
2024-25,110021191,Inverell,NSW,Sorghum,316,1259
2024-25,110021191,Inverell,NSW,Wheat,565,5482
2024-25,110021192,Inverell Surrounds - East,NSW,Barley,7713,40728
2024-25,110021192,Inverell Surrounds - East,NSW,Canola,1839,7263
2024-25,110021192,Inverell Surrounds - East,NSW,Chickpeas,3774,6454
2024-25,110021192,Inverell Surrounds - East,NSW,Faba beans,808,887
2024-25,110021192,Inverell Surrounds - East,NSW,Maize,513,4463
2024-25,110021192,Inverell Surrounds - East,NSW,Oats,9048,165
2024-25,110021192,Inverell Surrounds - East,NSW,Sorghum,5761,18933
2024-25,110021192,Inverell Surrounds - East,NSW,Wheat,13486,43611
2024-25,110021193,Inverell Surrounds - West,NSW,Barley,26136,125944
2024-25,110021193,Inverell Surrounds - West,NSW,Canola,2504,9784
2024-25,110021193,Inverell Surrounds - West,NSW,Chickpeas,10535,22945
2024-25,110021193,Inverell Surrounds - West,NSW,Faba beans,1402,2917
2024-25,110021193,Inverell Surrounds - West,NSW,Maize,111,585
2024-25,110021193,Inverell Surrounds - West,NSW,Oats,12958,1435
2024-25,110021193,Inverell Surrounds - West,NSW,Sorghum,13083,70509
2024-25,110021193,Inverell Surrounds - West,NSW,Wheat,30614,127700
2024-25,110021194,Tenterfield,NSW,Sorghum,1046,1847
2024-25,110031195,Moree,NSW,Chickpeas,178,556
2024-25,110031195,Moree,NSW,Sorghum,148,948
2024-25,110031195,Moree,NSW,Wheat,614,5612
2024-25,110031196,Moree Surrounds,NSW,Barley,194203,766719
2024-25,110031196,Moree Surrounds,NSW,Canola,20885,75243
2024-25,110031196,Moree Surrounds,NSW,Chickpeas,228415,490748
2024-25,110031196,Moree Surrounds,NSW,Faba beans,28101,54731
2024-25,110031196,Moree Surrounds,NSW,Lentils,1797,435
2024-25,110031196,Moree Surrounds,NSW,Lupins,214,726
2024-25,110031196,Moree Surrounds,NSW,Maize,1176,13029
2024-25,110031196,Moree Surrounds,NSW,Oats,7705,135
2024-25,110031196,Moree Surrounds,NSW,Sorghum,45666,263582
2024-25,110031196,Moree Surrounds,NSW,Wheat,471977,2062019
2024-25,110031197,Narrabri,NSW,Barley,119,562
2024-25,110031197,Narrabri,NSW,Canola,198,704
2024-25,110031197,Narrabri,NSW,Oats,176,68
2024-25,110031197,Narrabri,NSW,Wheat,539,4772
2024-25,110031198,Narrabri Surrounds,NSW,Barley,19316,64465
2024-25,110031198,Narrabri Surrounds,NSW,Canola,10232,40978
2024-25,110031198,Narrabri Surrounds,NSW,Chickpeas,55069,118627
2024-25,110031198,Narrabri Surrounds,NSW,Faba beans,16676,42836
2024-25,110031198,Narrabri Surrounds,NSW,Field peas,192,73
2024-25,110031198,Narrabri Surrounds,NSW,Lupins,456,1544
2024-25,110031198,Narrabri Surrounds,NSW,Maize,1394,19213
2024-25,110031198,Narrabri Surrounds,NSW,Oats,5916,104
2024-25,110031198,Narrabri Surrounds,NSW,Sorghum,12974,83388
2024-25,110031198,Narrabri Surrounds,NSW,Wheat,155536,720530
2024-25,110041199,Gunnedah,NSW,Oats,137,2
2024-25,110041200,Gunnedah Surrounds,NSW,Barley,25385,108403
2024-25,110041200,Gunnedah Surrounds,NSW,Canola,14931,59251
2024-25,110041200,Gunnedah Surrounds,NSW,Chickpeas,13784,20738
2024-25,110041200,Gunnedah Surrounds,NSW,Faba beans,1498,5173
2024-25,110041200,Gunnedah Surrounds,NSW,Lupins,167,566
2024-25,110041200,Gunnedah Surrounds,NSW,Maize,1171,13273
2024-25,110041200,Gunnedah Surrounds,NSW,Oats,11010,253
2024-25,110041200,Gunnedah Surrounds,NSW,Sorghum,31787,148846
2024-25,110041200,Gunnedah Surrounds,NSW,Wheat,64366,254650
2024-25,110041201,Quirindi,NSW,Barley,5934,26104
2024-25,110041201,Quirindi,NSW,Canola,6172,24214
2024-25,110041201,Quirindi,NSW,Chickpeas,4217,5195
2024-25,110041201,Quirindi,NSW,Faba beans,1056,4030
2024-25,110041201,Quirindi,NSW,Maize,1094,10784
2024-25,110041201,Quirindi,NSW,Oats,8227,145
2024-25,110041201,Quirindi,NSW,Sorghum,39845,218656
2024-25,110041201,Quirindi,NSW,Wheat,42451,280561
2024-25,110041202,Tamworth - East,NSW,Oats,348,6
2024-25,110041202,Tamworth - East,NSW,Wheat,391,471
2024-25,110041205,Tamworth Surrounds,NSW,Barley,4290,19482
2024-25,110041205,Tamworth Surrounds,NSW,Canola,3632,14208
2024-25,110041205,Tamworth Surrounds,NSW,Chickpeas,133,344
2024-25,110041205,Tamworth Surrounds,NSW,Lupins,162,548
2024-25,110041205,Tamworth Surrounds,NSW,Maize,361,4009
2024-25,110041205,Tamworth Surrounds,NSW,Oats,12620,222
2024-25,110041205,Tamworth Surrounds,NSW,Sorghum,1543,3212
2024-25,110041205,Tamworth Surrounds,NSW,Wheat,10989,34681
2024-25,112021245,Casino Surrounds,NSW,Chickpeas,203,334
2024-25,112021245,Casino Surrounds,NSW,Maize,282,1643
2024-25,113011256,Griffith (NSW),NSW,Rice,0,0
2024-25,113011257,Griffith Surrounds,NSW,Barley,87091,215676
2024-25,113011257,Griffith Surrounds,NSW,Canola,80116,112244
2024-25,113011257,Griffith Surrounds,NSW,Chickpeas,3589,10141
2024-25,113011257,Griffith Surrounds,NSW,Faba beans,2178,2618
2024-25,113011257,Griffith Surrounds,NSW,Field peas,15073,17452
2024-25,113011257,Griffith Surrounds,NSW,Lentils,8088,6840
2024-25,113011257,Griffith Surrounds,NSW,Lupins,13121,12920
2024-25,113011257,Griffith Surrounds,NSW,Maize,9591,91362
2024-25,113011257,Griffith Surrounds,NSW,Oats,11609,20845
2024-25,113011257,Griffith Surrounds,NSW,Rice,20224,260844
2024-25,113011257,Griffith Surrounds,NSW,Sorghum,2573,5152
2024-25,113011257,Griffith Surrounds,NSW,Wheat,279428,884973
2024-25,113011258,Leeton,NSW,Barley,1117,6525
2024-25,113011258,Leeton,NSW,Canola,610,1955
2024-25,113011258,Leeton,NSW,Lupins,137,21
2024-25,113011258,Leeton,NSW,Maize,871,10510
2024-25,113011258,Leeton,NSW,Oats,872,3506
2024-25,113011258,Leeton,NSW,Rice,756,9044
2024-25,113011258,Leeton,NSW,Sorghum,130,221
2024-25,113011258,Leeton,NSW,Wheat,5245,37671
2024-25,113011259,Narrandera,NSW,Barley,44809,108387
2024-25,113011259,Narrandera,NSW,Canola,47414,59469
2024-25,113011259,Narrandera,NSW,Faba beans,2336,3610
2024-25,113011259,Narrandera,NSW,Field peas,3384,2074
2024-25,113011259,Narrandera,NSW,Lentils,692,1355
2024-25,113011259,Narrandera,NSW,Lupins,6168,4324
2024-25,113011259,Narrandera,NSW,Maize,476,2726
2024-25,113011259,Narrandera,NSW,Oats,4432,2897
2024-25,113011259,Narrandera,NSW,Sorghum,153,260
2024-25,113011259,Narrandera,NSW,Wheat,86224,234805
2024-25,113031263,Cootamundra,NSW,Barley,1659,6816
2024-25,113031263,Cootamundra,NSW,Canola,15023,42403
2024-25,113031263,Cootamundra,NSW,Faba beans,413,121
2024-25,113031263,Cootamundra,NSW,Oats,1198,346
2024-25,113031263,Cootamundra,NSW,Wheat,18709,90994
2024-25,113031264,Gundagai,NSW,Barley,172,643
2024-25,113031264,Gundagai,NSW,Canola,1123,3665
2024-25,113031264,Gundagai,NSW,Lupins,116,18
2024-25,113031264,Gundagai,NSW,Wheat,2138,9938
2024-25,113031265,Junee,NSW,Barley,7921,36305
2024-25,113031265,Junee,NSW,Canola,26520,46293
2024-25,113031265,Junee,NSW,Chickpeas,217,504
2024-25,113031265,Junee,NSW,Faba beans,2945,1658
2024-25,113031265,Junee,NSW,Field peas,134,180
2024-25,113031265,Junee,NSW,Lupins,950,988
2024-25,113031265,Junee,NSW,Oats,1502,3801
2024-25,113031265,Junee,NSW,Wheat,37512,139041
2024-25,113031266,Temora,NSW,Barley,18770,84858
2024-25,113031266,Temora,NSW,Canola,47274,78997
2024-25,113031266,Temora,NSW,Chickpeas,270,627
2024-25,113031266,Temora,NSW,Faba beans,2466,11426
2024-25,113031266,Temora,NSW,Field peas,243,113
2024-25,113031266,Temora,NSW,Lupins,6189,9160
2024-25,113031266,Temora,NSW,Oats,3004,3735
2024-25,113031266,Temora,NSW,Wheat,88509,374470
2024-25,113031267,Wagga Wagga - East,NSW,Wheat,103,921
2024-25,113031268,Wagga Wagga - North,NSW,Canola,166,628
2024-25,113031268,Wagga Wagga - North,NSW,Wheat,313,2587
2024-25,113031271,Wagga Wagga Surrounds,NSW,Barley,64011,189368
2024-25,113031271,Wagga Wagga Surrounds,NSW,Canola,92998,138038
2024-25,113031271,Wagga Wagga Surrounds,NSW,Chickpeas,269,713
2024-25,113031271,Wagga Wagga Surrounds,NSW,Faba beans,10933,17942
2024-25,113031271,Wagga Wagga Surrounds,NSW,Field peas,1266,1247
2024-25,113031271,Wagga Wagga Surrounds,NSW,Lentils,1761,746
2024-25,113031271,Wagga Wagga Surrounds,NSW,Lupins,8357,9574
2024-25,113031271,Wagga Wagga Surrounds,NSW,Maize,161,126
2024-25,113031271,Wagga Wagga Surrounds,NSW,Oats,7989,14708
2024-25,113031271,Wagga Wagga Surrounds,NSW,Sorghum,247,1068
2024-25,113031271,Wagga Wagga Surrounds,NSW,Wheat,163033,486250
2024-25,114021289,Southern Highlands,NSW,Wheat,508,3409
2024-25,201011001,Alfredton,Vic,Canola,237,726
2024-25,201011001,Alfredton,Vic,Wheat,238,2302
2024-25,201011008,Wendouree - Miners Rest,Vic,Canola,249,838
2024-25,201011008,Wendouree - Miners Rest,Vic,Wheat,147,1122
2024-25,201021009,Bacchus Marsh Surrounds,Vic,Barley,2336,12366
2024-25,201021009,Bacchus Marsh Surrounds,Vic,Canola,2835,5808
2024-25,201021009,Bacchus Marsh Surrounds,Vic,Faba beans,356,32
2024-25,201021009,Bacchus Marsh Surrounds,Vic,Field peas,177,91
2024-25,201021009,Bacchus Marsh Surrounds,Vic,Lupins,116,268
2024-25,201021009,Bacchus Marsh Surrounds,Vic,Oats,279,494
2024-25,201021009,Bacchus Marsh Surrounds,Vic,Wheat,2374,4459
2024-25,201021010,Creswick - Clunes,Vic,Barley,272,1391
2024-25,201021010,Creswick - Clunes,Vic,Canola,4366,17051
2024-25,201021010,Creswick - Clunes,Vic,Faba beans,1109,640
2024-25,201021010,Creswick - Clunes,Vic,Oats,257,1352
2024-25,201021010,Creswick - Clunes,Vic,Wheat,4953,28801
2024-25,201021011,Daylesford,Vic,Canola,221,199
2024-25,201021011,Daylesford,Vic,Wheat,238,1971
2024-25,201021012,Gordon (Vic.),Vic,Canola,737,2603
2024-25,201021012,Gordon (Vic.),Vic,Faba beans,320,29
2024-25,201021012,Gordon (Vic.),Vic,Oats,107,505
2024-25,201021012,Gordon (Vic.),Vic,Wheat,800,5105
2024-25,201031013,Avoca,Vic,Barley,2168,11709
2024-25,201031013,Avoca,Vic,Canola,4852,18706
2024-25,201031013,Avoca,Vic,Faba beans,918,1592
2024-25,201031013,Avoca,Vic,Oats,2010,3391
2024-25,201031013,Avoca,Vic,Wheat,5292,21154
2024-25,201031014,Beaufort,Vic,Barley,1255,5599
2024-25,201031014,Beaufort,Vic,Canola,16220,48159
2024-25,201031014,Beaufort,Vic,Faba beans,2946,2300
2024-25,201031014,Beaufort,Vic,Lentils,203,1173
2024-25,201031014,Beaufort,Vic,Oats,394,2264
2024-25,201031014,Beaufort,Vic,Wheat,13320,44115
2024-25,201031015,Golden Plains - North,Vic,Barley,597,1589
2024-25,201031015,Golden Plains - North,Vic,Canola,7207,11393
2024-25,201031015,Golden Plains - North,Vic,Faba beans,1680,540
2024-25,201031015,Golden Plains - North,Vic,Oats,489,1253
2024-25,201031015,Golden Plains - North,Vic,Wheat,9297,18192
2024-25,201031017,Maryborough Surrounds,Vic,Barley,4538,21056
2024-25,201031017,Maryborough Surrounds,Vic,Canola,11216,25400
2024-25,201031017,Maryborough Surrounds,Vic,Faba beans,1595,2042
2024-25,201031017,Maryborough Surrounds,Vic,Lupins,91,209
2024-25,201031017,Maryborough Surrounds,Vic,Oats,6184,13258
2024-25,201031017,Maryborough Surrounds,Vic,Wheat,10767,29596
2024-25,202021026,Bendigo Surrounds - South,Vic,Barley,604,3016
2024-25,202021026,Bendigo Surrounds - South,Vic,Canola,1421,4931
2024-25,202021026,Bendigo Surrounds - South,Vic,Faba beans,255,790
2024-25,202021026,Bendigo Surrounds - South,Vic,Lupins,313,321
2024-25,202021026,Bendigo Surrounds - South,Vic,Oats,960,1065
2024-25,202021026,Bendigo Surrounds - South,Vic,Wheat,1832,9835
2024-25,202021028,Castlemaine Surrounds,Vic,Barley,1039,3926
2024-25,202021028,Castlemaine Surrounds,Vic,Canola,2714,6755
2024-25,202021028,Castlemaine Surrounds,Vic,Faba beans,588,881
2024-25,202021028,Castlemaine Surrounds,Vic,Oats,1545,848
2024-25,202021028,Castlemaine Surrounds,Vic,Wheat,2942,14642
2024-25,202021029,Heathcote,Vic,Barley,174,914
2024-25,202021029,Heathcote,Vic,Wheat,776,2749
2024-25,202031032,Bendigo Surrounds - North,Vic,Barley,6026,35339
2024-25,202031032,Bendigo Surrounds - North,Vic,Canola,8962,24740
2024-25,202031032,Bendigo Surrounds - North,Vic,Chickpeas,106,184
2024-25,202031032,Bendigo Surrounds - North,Vic,Faba beans,1136,4478
2024-25,202031032,Bendigo Surrounds - North,Vic,Field peas,205,1141
2024-25,202031032,Bendigo Surrounds - North,Vic,Lentils,902,2012
2024-25,202031032,Bendigo Surrounds - North,Vic,Lupins,772,889
2024-25,202031032,Bendigo Surrounds - North,Vic,Oats,5420,1968
2024-25,202031032,Bendigo Surrounds - North,Vic,Wheat,19592,90445
2024-25,202031033,Loddon,Vic,Barley,58319,200039
2024-25,202031033,Loddon,Vic,Canola,45319,84779
2024-25,202031033,Loddon,Vic,Chickpeas,832,1832
2024-25,202031033,Loddon,Vic,Faba beans,4639,12828
2024-25,202031033,Loddon,Vic,Field peas,1027,2462
2024-25,202031033,Loddon,Vic,Lentils,8211,11571
2024-25,202031033,Loddon,Vic,Lupins,527,214
2024-25,202031033,Loddon,Vic,Maize,1548,12826
2024-25,202031033,Loddon,Vic,Oats,14196,12611
2024-25,202031033,Loddon,Vic,Sorghum,318,587
2024-25,202031033,Loddon,Vic,Wheat,67939,207593
2024-25,203011034,Bannockburn,Vic,Barley,178,1065
2024-25,203011034,Bannockburn,Vic,Canola,1500,3956
2024-25,203011034,Bannockburn,Vic,Faba beans,1101,308
2024-25,203011034,Bannockburn,Vic,Wheat,1951,6418
2024-25,203011035,Golden Plains - South,Vic,Barley,1072,5996
2024-25,203011035,Golden Plains - South,Vic,Canola,10565,21027
2024-25,203011035,Golden Plains - South,Vic,Chickpeas,61,24
2024-25,203011035,Golden Plains - South,Vic,Faba beans,7245,1063
2024-25,203011035,Golden Plains - South,Vic,Lentils,23,75
2024-25,203011035,Golden Plains - South,Vic,Lupins,25,1
2024-25,203011035,Golden Plains - South,Vic,Oats,480,495
2024-25,203011035,Golden Plains - South,Vic,Wheat,14145,36986
2024-25,203011036,Winchelsea,Vic,Barley,168,1018
2024-25,203011036,Winchelsea,Vic,Canola,3474,11601
2024-25,203011036,Winchelsea,Vic,Faba beans,2519,924
2024-25,203011036,Winchelsea,Vic,Oats,334,68
2024-25,203011036,Winchelsea,Vic,Wheat,4833,22011
2024-25,203021040,Geelong West - Hamlyn Heights,Vic,Faba beans,135,8
2024-25,203021042,Highton,Vic,Canola,339,893
2024-25,203021042,Highton,Vic,Faba beans,23,1
2024-25,203021043,Lara,Vic,Barley,3690,22406
2024-25,203021043,Lara,Vic,Canola,4163,10061
2024-25,203021043,Lara,Vic,Faba beans,884,417
2024-25,203021043,Lara,Vic,Maize,256,452
2024-25,203021043,Lara,Vic,Oats,286,95
2024-25,203021043,Lara,Vic,Wheat,5124,15774
2024-25,203021045,Newcomb - Moolap,Vic,Barley,112,635
2024-25,203021045,Newcomb - Moolap,Vic,Wheat,144,52
2024-25,203021047,North Geelong - Bell Park,Vic,Faba beans,150,9
2024-25,203021486,Corio - Lovely Banks,Vic,Canola,669,304
2024-25,203021486,Corio - Lovely Banks,Vic,Wheat,861,310
2024-25,203021487,Grovedale - Mount Duneed,Vic,Wheat,124,44
2024-25,203031048,Clifton Springs,Vic,Barley,105,545
2024-25,203031048,Clifton Springs,Vic,Canola,102,42
2024-25,203031048,Clifton Springs,Vic,Faba beans,16,1
2024-25,203031048,Clifton Springs,Vic,Oats,48,2
2024-25,203031051,Portarlington,Vic,Barley,1829,10364
2024-25,203031051,Portarlington,Vic,Canola,288,118
2024-25,203031051,Portarlington,Vic,Faba beans,13,1
2024-25,203031051,Portarlington,Vic,Lupins,9,0
2024-25,203031051,Portarlington,Vic,Wheat,118,42
2024-25,203031052,Point Lonsdale - Queenscliff,Vic,Canola,202,132
2024-25,203031053,Torquay,Vic,Faba beans,17,1
2024-25,203031489,Barwon Heads - Armstrong Creek,Vic,Canola,275,113
2024-25,203031490,Ocean Grove,Vic,Barley,181,1024
2024-25,203031490,Ocean Grove,Vic,Faba beans,37,2
2024-25,203031490,Ocean Grove,Vic,Oats,27,1
2024-25,204011054,Alexandra,Vic,Barley,420,1610
2024-25,204011055,Euroa,Vic,Barley,144,597
2024-25,204011055,Euroa,Vic,Canola,3014,5627
2024-25,204011055,Euroa,Vic,Faba beans,1085,353
2024-25,204011055,Euroa,Vic,Oats,257,226
2024-25,204011055,Euroa,Vic,Wheat,11064,22186
2024-25,204011058,Nagambie,Vic,Barley,103,220
2024-25,204011058,Nagambie,Vic,Canola,3249,10037
2024-25,204011058,Nagambie,Vic,Faba beans,148,15
2024-25,204011058,Nagambie,Vic,Oats,220,84
2024-25,204011058,Nagambie,Vic,Wheat,6379,28443
2024-25,204021063,Benalla,Vic,Wheat,247,1541
2024-25,204021064,Benalla Surrounds,Vic,Barley,110,457
2024-25,204021064,Benalla Surrounds,Vic,Canola,10764,40227
2024-25,204021064,Benalla Surrounds,Vic,Faba beans,1668,3938
2024-25,204021064,Benalla Surrounds,Vic,Lupins,111,223
2024-25,204021064,Benalla Surrounds,Vic,Oats,164,63
2024-25,204021064,Benalla Surrounds,Vic,Wheat,16846,93472
2024-25,204021065,Rutherglen,Vic,Barley,464,1780
2024-25,204021065,Rutherglen,Vic,Canola,2378,7136
2024-25,204021065,Rutherglen,Vic,Faba beans,213,306
2024-25,204021065,Rutherglen,Vic,Wheat,5428,22810
2024-25,204021067,Wangaratta Surrounds,Vic,Barley,370,755
2024-25,204021067,Wangaratta Surrounds,Vic,Canola,3067,7389
2024-25,204021067,Wangaratta Surrounds,Vic,Maize,292,2516
2024-25,204021067,Wangaratta Surrounds,Vic,Oats,114,44
2024-25,204021067,Wangaratta Surrounds,Vic,Wheat,4496,14711
2024-25,204031070,Chiltern - Indigo Valley,Vic,Canola,466,1418
2024-25,204031070,Chiltern - Indigo Valley,Vic,Wheat,1879,6191
2024-25,204031072,Towong,Vic,Maize,581,2807
2024-25,205021082,Bruthen - Omeo,Vic,Barley,768,2237
2024-25,205021082,Bruthen - Omeo,Vic,Maize,275,1802
2024-25,205051100,Longford - Loch Sport,Vic,Canola,533,1249
2024-25,205051102,Rosedale,Vic,Canola,1134,2658
2024-25,205051102,Rosedale,Vic,Wheat,698,3652
2024-25,205051104,Yarram,Vic,Canola,528,1237
2024-25,209041224,Wallan,Vic,Canola,206,691
2024-25,209041224,Wallan,Vic,Wheat,274,1382
2024-25,210021235,Romsey,Vic,Wheat,738,4686
2024-25,212011547,Bunyip - Garfield,Vic,Barley,630,1310
2024-25,212011547,Bunyip - Garfield,Vic,Lentils,399,269
2024-25,212011547,Bunyip - Garfield,Vic,Lupins,218,63
2024-25,212011547,Bunyip - Garfield,Vic,Wheat,1945,5123
2024-25,213041358,Melton West,Vic,Canola,129,499
2024-25,213041358,Melton West,Vic,Wheat,116,722
2024-25,213041359,Rockbank - Mount Cottrell,Vic,Barley,184,1085
2024-25,213041359,Rockbank - Mount Cottrell,Vic,Canola,151,587
2024-25,213041573,Eynesbury - Exford,Vic,Barley,407,1459
2024-25,213041573,Eynesbury - Exford,Vic,Canola,157,611
2024-25,213041573,Eynesbury - Exford,Vic,Wheat,242,1503
2024-25,213041574,Fraser Rise - Plumpton,Vic,Barley,232,832
2024-25,213041574,Fraser Rise - Plumpton,Vic,Canola,194,760
2024-25,213051368,Werribee - South,Vic,Maize,222,344
2024-25,213051368,Werribee - South,Vic,Wheat,320,2069
2024-25,213051468,Werribee - West,Vic,Barley,552,2722
2024-25,213051468,Werribee - West,Vic,Canola,268,1042
2024-25,213051468,Werribee - West,Vic,Wheat,159,1301
2024-25,213051579,Manor Lakes - Quandong,Vic,Barley,129,463
2024-25,213051582,Tarneit (West) - Mount Cottrell,Vic,Canola,397,1544
2024-25,213051589,Wyndham Vale - North,Vic,Canola,164,638
2024-25,213051589,Wyndham Vale - North,Vic,Wheat,124,770
2024-25,215011386,Ararat,Vic,Wheat,166,427
2024-25,215011387,Ararat Surrounds,Vic,Barley,3943,9800
2024-25,215011387,Ararat Surrounds,Vic,Canola,46752,157266
2024-25,215011387,Ararat Surrounds,Vic,Faba beans,8589,7026
2024-25,215011387,Ararat Surrounds,Vic,Lentils,181,426
2024-25,215011387,Ararat Surrounds,Vic,Lupins,127,14
2024-25,215011387,Ararat Surrounds,Vic,Oats,857,4617
2024-25,215011387,Ararat Surrounds,Vic,Sorghum,1020,6818
2024-25,215011387,Ararat Surrounds,Vic,Wheat,57859,184924
2024-25,215011388,Horsham,Vic,Barley,288,1613
2024-25,215011388,Horsham,Vic,Canola,527,2001
2024-25,215011388,Horsham,Vic,Faba beans,253,1373
2024-25,215011388,Horsham,Vic,Lentils,180,499
2024-25,215011388,Horsham,Vic,Wheat,950,9023
2024-25,215011389,Horsham Surrounds,Vic,Barley,31493,79369
2024-25,215011389,Horsham Surrounds,Vic,Canola,44098,90934
2024-25,215011389,Horsham Surrounds,Vic,Chickpeas,660,2369
2024-25,215011389,Horsham Surrounds,Vic,Faba beans,15450,19712
2024-25,215011389,Horsham Surrounds,Vic,Field peas,426,443
2024-25,215011389,Horsham Surrounds,Vic,Lentils,30411,34366
2024-25,215011389,Horsham Surrounds,Vic,Lupins,686,194
2024-25,215011389,Horsham Surrounds,Vic,Oats,3086,5016
2024-25,215011389,Horsham Surrounds,Vic,Wheat,67600,184370
2024-25,215011390,Nhill Region,Vic,Barley,86509,194457
2024-25,215011390,Nhill Region,Vic,Canola,50367,99174
2024-25,215011390,Nhill Region,Vic,Faba beans,29801,42093
2024-25,215011390,Nhill Region,Vic,Field peas,3993,2574
2024-25,215011390,Nhill Region,Vic,Lentils,64631,59202
2024-25,215011390,Nhill Region,Vic,Lupins,2410,1394
2024-25,215011390,Nhill Region,Vic,Oats,9880,5057
2024-25,215011390,Nhill Region,Vic,Wheat,133798,380336
2024-25,215011391,St Arnaud,Vic,Barley,29050,74876
2024-25,215011391,St Arnaud,Vic,Canola,26760,36992
2024-25,215011391,St Arnaud,Vic,Faba beans,7976,6292
2024-25,215011391,St Arnaud,Vic,Field peas,368,244
2024-25,215011391,St Arnaud,Vic,Lentils,10094,9205
2024-25,215011391,St Arnaud,Vic,Lupins,163,25
2024-25,215011391,St Arnaud,Vic,Oats,7059,13369
2024-25,215011391,St Arnaud,Vic,Sorghum,190,1204
2024-25,215011391,St Arnaud,Vic,Wheat,36157,63199
2024-25,215011392,Stawell,Vic,Barley,6042,9998
2024-25,215011392,Stawell,Vic,Canola,13984,14521
2024-25,215011392,Stawell,Vic,Faba beans,4342,2454
2024-25,215011392,Stawell,Vic,Lupins,244,189
2024-25,215011392,Stawell,Vic,Oats,738,4140
2024-25,215011392,Stawell,Vic,Wheat,21596,32547
2024-25,215011393,West Wimmera,Vic,Barley,4654,9466
2024-25,215011393,West Wimmera,Vic,Canola,26235,63739
2024-25,215011393,West Wimmera,Vic,Chickpeas,177,635
2024-25,215011393,West Wimmera,Vic,Faba beans,12936,14632
2024-25,215011393,West Wimmera,Vic,Lentils,1012,2136
2024-25,215011393,West Wimmera,Vic,Lupins,427,48
2024-25,215011393,West Wimmera,Vic,Oats,1151,5385
2024-25,215011393,West Wimmera,Vic,Wheat,31676,121276
2024-25,215011394,Yarriambiack,Vic,Barley,128823,369128
2024-25,215011394,Yarriambiack,Vic,Canola,50528,107485
2024-25,215011394,Yarriambiack,Vic,Chickpeas,442,1587
2024-25,215011394,Yarriambiack,Vic,Faba beans,6115,9342
2024-25,215011394,Yarriambiack,Vic,Field peas,3441,3483
2024-25,215011394,Yarriambiack,Vic,Lentils,142923,132788
2024-25,215011394,Yarriambiack,Vic,Lupins,7552,2843
2024-25,215011394,Yarriambiack,Vic,Oats,11987,4193
2024-25,215011394,Yarriambiack,Vic,Wheat,164351,470337
2024-25,215021396,Merbein,Vic,Barley,136,248
2024-25,215021398,Mildura Surrounds,Vic,Barley,154177,189329
2024-25,215021398,Mildura Surrounds,Vic,Canola,13240,6047
2024-25,215021398,Mildura Surrounds,Vic,Chickpeas,483,1736
2024-25,215021398,Mildura Surrounds,Vic,Faba beans,677,73
2024-25,215021398,Mildura Surrounds,Vic,Field peas,9072,2867
2024-25,215021398,Mildura Surrounds,Vic,Lentils,57445,22430
2024-25,215021398,Mildura Surrounds,Vic,Lupins,25566,5768
2024-25,215021398,Mildura Surrounds,Vic,Oats,6145,3201
2024-25,215021398,Mildura Surrounds,Vic,Wheat,224954,217095
2024-25,215021399,Red Cliffs,Vic,Barley,129,576
2024-25,215021399,Red Cliffs,Vic,Lentils,249,435
2024-25,215021399,Red Cliffs,Vic,Wheat,295,2326
2024-25,215031400,Buloke,Vic,Barley,156120,387798
2024-25,215031400,Buloke,Vic,Canola,60478,76511
2024-25,215031400,Buloke,Vic,Chickpeas,160,575
2024-25,215031400,Buloke,Vic,Faba beans,4496,4996
2024-25,215031400,Buloke,Vic,Field peas,13217,5640
2024-25,215031400,Buloke,Vic,Lentils,136631,113580
2024-25,215031400,Buloke,Vic,Lupins,2815,2014
2024-25,215031400,Buloke,Vic,Oats,9385,4514
2024-25,215031400,Buloke,Vic,Wheat,175355,427660
2024-25,215031401,Gannawarra,Vic,Barley,39941,105217
2024-25,215031401,Gannawarra,Vic,Canola,13189,19198
2024-25,215031401,Gannawarra,Vic,Chickpeas,259,928
2024-25,215031401,Gannawarra,Vic,Faba beans,2734,7011
2024-25,215031401,Gannawarra,Vic,Field peas,3461,3472
2024-25,215031401,Gannawarra,Vic,Lentils,24076,22252
2024-25,215031401,Gannawarra,Vic,Lupins,707,338
2024-25,215031401,Gannawarra,Vic,Maize,948,4334
2024-25,215031401,Gannawarra,Vic,Oats,7483,1810
2024-25,215031401,Gannawarra,Vic,Wheat,48694,121525
2024-25,215031402,Kerang,Vic,Barley,761,4279
2024-25,215031402,Kerang,Vic,Oats,138,28
2024-25,215031402,Kerang,Vic,Wheat,525,4741
2024-25,215031403,Robinvale,Vic,Lentils,530,213
2024-25,215031403,Robinvale,Vic,Wheat,578,2923
2024-25,215031404,Swan Hill,Vic,Barley,2198,13118
2024-25,215031404,Swan Hill,Vic,Canola,376,1498
2024-25,215031404,Swan Hill,Vic,Field peas,498,2677
2024-25,215031404,Swan Hill,Vic,Lentils,2056,6062
2024-25,215031404,Swan Hill,Vic,Wheat,1815,17453
2024-25,215031405,Swan Hill Surrounds,Vic,Barley,108283,184700
2024-25,215031405,Swan Hill Surrounds,Vic,Canola,9138,9684
2024-25,215031405,Swan Hill Surrounds,Vic,Chickpeas,1404,5043
2024-25,215031405,Swan Hill Surrounds,Vic,Faba beans,738,1484
2024-25,215031405,Swan Hill Surrounds,Vic,Field peas,6583,3245
2024-25,215031405,Swan Hill Surrounds,Vic,Lentils,75729,33272
2024-25,215031405,Swan Hill Surrounds,Vic,Lupins,6503,1260
2024-25,215031405,Swan Hill Surrounds,Vic,Oats,2064,465
2024-25,215031405,Swan Hill Surrounds,Vic,Sorghum,215,396
2024-25,215031405,Swan Hill Surrounds,Vic,Wheat,124367,218567
2024-25,216011406,Echuca,Vic,Barley,391,2210
2024-25,216011406,Echuca,Vic,Canola,697,2336
2024-25,216011406,Echuca,Vic,Faba beans,122,524
2024-25,216011406,Echuca,Vic,Maize,129,271
2024-25,216011406,Echuca,Vic,Oats,330,1414
2024-25,216011406,Echuca,Vic,Wheat,2967,23194
2024-25,216011407,Kyabram,Vic,Barley,1555,4101
2024-25,216011407,Kyabram,Vic,Canola,3242,5425
2024-25,216011407,Kyabram,Vic,Faba beans,592,289
2024-25,216011407,Kyabram,Vic,Maize,1891,7776
2024-25,216011407,Kyabram,Vic,Oats,1348,52
2024-25,216011407,Kyabram,Vic,Rice,10,597
2024-25,216011407,Kyabram,Vic,Wheat,9555,18046
2024-25,216011408,Lockington - Gunbower,Vic,Barley,11459,23877
2024-25,216011408,Lockington - Gunbower,Vic,Canola,12497,14545
2024-25,216011408,Lockington - Gunbower,Vic,Faba beans,1502,991
2024-25,216011408,Lockington - Gunbower,Vic,Field peas,1182,734
2024-25,216011408,Lockington - Gunbower,Vic,Lentils,417,951
2024-25,216011408,Lockington - Gunbower,Vic,Lupins,514,135
2024-25,216011408,Lockington - Gunbower,Vic,Maize,967,2602
2024-25,216011408,Lockington - Gunbower,Vic,Oats,5785,615
2024-25,216011408,Lockington - Gunbower,Vic,Wheat,22347,35928
2024-25,216011409,Rochester,Vic,Barley,854,4908
2024-25,216011409,Rochester,Vic,Canola,2526,9497
2024-25,216011409,Rochester,Vic,Faba beans,1907,4580
2024-25,216011409,Rochester,Vic,Maize,740,2732
2024-25,216011409,Rochester,Vic,Oats,1070,41
2024-25,216011409,Rochester,Vic,Wheat,7570,41949
2024-25,216011410,Rushworth,Vic,Barley,3761,16557
2024-25,216011410,Rushworth,Vic,Canola,12707,34813
2024-25,216011410,Rushworth,Vic,Chickpeas,263,348
2024-25,216011410,Rushworth,Vic,Faba beans,3594,10094
2024-25,216011410,Rushworth,Vic,Field peas,272,574
2024-25,216011410,Rushworth,Vic,Lentils,203,463
2024-25,216011410,Rushworth,Vic,Lupins,659,725
2024-25,216011410,Rushworth,Vic,Maize,525,3306
2024-25,216011410,Rushworth,Vic,Oats,2348,352
2024-25,216011410,Rushworth,Vic,Wheat,21962,113734
2024-25,216021411,Cobram,Vic,Canola,299,835
2024-25,216021411,Cobram,Vic,Maize,116,243
2024-25,216021411,Cobram,Vic,Oats,142,5
2024-25,216021411,Cobram,Vic,Wheat,1045,9365
2024-25,216021412,Moira,Vic,Barley,4796,25127
2024-25,216021412,Moira,Vic,Canola,31630,107581
2024-25,216021412,Moira,Vic,Faba beans,3665,11888
2024-25,216021412,Moira,Vic,Lentils,281,718
2024-25,216021412,Moira,Vic,Lupins,190,136
2024-25,216021412,Moira,Vic,Maize,444,5011
2024-25,216021412,Moira,Vic,Oats,1093,676
2024-25,216021412,Moira,Vic,Wheat,54594,267152
2024-25,216021413,Numurkah,Vic,Barley,7418,32364
2024-25,216021413,Numurkah,Vic,Canola,17635,32305
2024-25,216021413,Numurkah,Vic,Chickpeas,111,44
2024-25,216021413,Numurkah,Vic,Faba beans,2557,7598
2024-25,216021413,Numurkah,Vic,Field peas,130,47
2024-25,216021413,Numurkah,Vic,Maize,4185,20898
2024-25,216021413,Numurkah,Vic,Oats,3088,770
2024-25,216021413,Numurkah,Vic,Rice,64,3890
2024-25,216021413,Numurkah,Vic,Sorghum,312,576
2024-25,216021413,Numurkah,Vic,Wheat,34981,94718
2024-25,216021414,Yarrawonga,Vic,Canola,1994,7244
2024-25,216021414,Yarrawonga,Vic,Wheat,3319,32045
2024-25,216031415,Mooroopna,Vic,Canola,135,56
2024-25,216031415,Mooroopna,Vic,Faba beans,113,22
2024-25,216031415,Mooroopna,Vic,Wheat,256,445
2024-25,216031416,Shepparton - North,Vic,Wheat,362,2469
2024-25,216031418,Shepparton Surrounds - East,Vic,Barley,634,1046
2024-25,216031418,Shepparton Surrounds - East,Vic,Canola,12577,30965
2024-25,216031418,Shepparton Surrounds - East,Vic,Faba beans,2900,5700
2024-25,216031418,Shepparton Surrounds - East,Vic,Lupins,208,55
2024-25,216031418,Shepparton Surrounds - East,Vic,Maize,1059,10734
2024-25,216031418,Shepparton Surrounds - East,Vic,Oats,777,30
2024-25,216031418,Shepparton Surrounds - East,Vic,Wheat,23233,88622
2024-25,216031419,Shepparton Surrounds - West,Vic,Barley,609,1568
2024-25,216031419,Shepparton Surrounds - West,Vic,Canola,5285,19512
2024-25,216031419,Shepparton Surrounds - West,Vic,Faba beans,699,3030
2024-25,216031419,Shepparton Surrounds - West,Vic,Lentils,196,406
2024-25,216031419,Shepparton Surrounds - West,Vic,Maize,1977,6550
2024-25,216031419,Shepparton Surrounds - West,Vic,Oats,1805,128
2024-25,216031419,Shepparton Surrounds - West,Vic,Wheat,11598,47632
2024-25,216031593,Kialla,Vic,Canola,213,511
2024-25,216031593,Kialla,Vic,Wheat,983,3976
2024-25,216031594,Shepparton - South East,Vic,Canola,131,233
2024-25,216031594,Shepparton - South East,Vic,Faba beans,121,24
2024-25,216031594,Shepparton - South East,Vic,Wheat,562,4892
2024-25,217011420,Glenelg (Vic.),Vic,Barley,122,643
2024-25,217011420,Glenelg (Vic.),Vic,Wheat,1466,503
2024-25,217011421,Hamilton (Vic.),Vic,Barley,177,697
2024-25,217011421,Hamilton (Vic.),Vic,Canola,271,842
2024-25,217011421,Hamilton (Vic.),Vic,Faba beans,112,342
2024-25,217011421,Hamilton (Vic.),Vic,Wheat,298,1559
2024-25,217011423,Southern Grampians,Vic,Barley,1522,4800
2024-25,217011423,Southern Grampians,Vic,Canola,5530,20944
2024-25,217011423,Southern Grampians,Vic,Faba beans,1913,3316
2024-25,217011423,Southern Grampians,Vic,Lentils,119,42
2024-25,217011423,Southern Grampians,Vic,Lupins,179,535
2024-25,217011423,Southern Grampians,Vic,Oats,186,1556
2024-25,217011423,Southern Grampians,Vic,Wheat,8490,26915
2024-25,217031473,Colac Surrounds,Vic,Barley,462,2287
2024-25,217031473,Colac Surrounds,Vic,Canola,3147,7000
2024-25,217031473,Colac Surrounds,Vic,Faba beans,1917,660
2024-25,217031473,Colac Surrounds,Vic,Oats,204,1708
2024-25,217031473,Colac Surrounds,Vic,Wheat,5505,10992
2024-25,217031474,Corangamite - North,Vic,Barley,2462,14612
2024-25,217031474,Corangamite - North,Vic,Canola,21167,54612
2024-25,217031474,Corangamite - North,Vic,Faba beans,8386,10621
2024-25,217031474,Corangamite - North,Vic,Lentils,324,115
2024-25,217031474,Corangamite - North,Vic,Oats,707,5907
2024-25,217031474,Corangamite - North,Vic,Wheat,31572,104419
2024-25,217031475,Corangamite - South,Vic,Barley,871,4576
2024-25,217041477,Moyne - East,Vic,Barley,1405,6854
2024-25,217041477,Moyne - East,Vic,Canola,9410,21406
2024-25,217041477,Moyne - East,Vic,Faba beans,3054,4306
2024-25,217041477,Moyne - East,Vic,Lentils,376,446
2024-25,217041477,Moyne - East,Vic,Oats,174,1451
2024-25,217041477,Moyne - East,Vic,Wheat,12814,33792
2024-25,217041478,Moyne - West,Vic,Canola,396,613
2024-25,217041478,Moyne - West,Vic,Faba beans,328,672
2024-25,217041478,Moyne - West,Vic,Wheat,933,1979
2024-25,306051166,Atherton,Qld,Maize,379,3299
2024-25,306051167,Herberton,Qld,Maize,544,4733
2024-25,306051169,Malanda - Yungaburra,Qld,Maize,210,1824
2024-25,307011171,Balonne,Qld,Barley,37321,100139
2024-25,307011171,Balonne,Qld,Canola,105,286
2024-25,307011171,Balonne,Qld,Chickpeas,70140,142400
2024-25,307011171,Balonne,Qld,Faba beans,1553,3001
2024-25,307011171,Balonne,Qld,Oats,6682,41
2024-25,307011171,Balonne,Qld,Sorghum,1204,1959
2024-25,307011171,Balonne,Qld,Wheat,202559,509000
2024-25,307011172,Chinchilla,Qld,Barley,13849,38584
2024-25,307011172,Chinchilla,Qld,Chickpeas,6444,12101
2024-25,307011172,Chinchilla,Qld,Field peas,159,53
2024-25,307011172,Chinchilla,Qld,Maize,104,97
2024-25,307011172,Chinchilla,Qld,Oats,1937,12
2024-25,307011172,Chinchilla,Qld,Sorghum,13627,64794
2024-25,307011172,Chinchilla,Qld,Wheat,14357,39724
2024-25,307011173,Goondiwindi,Qld,Barley,6412,37926
2024-25,307011173,Goondiwindi,Qld,Canola,466,691
2024-25,307011173,Goondiwindi,Qld,Chickpeas,1666,5664
2024-25,307011173,Goondiwindi,Qld,Oats,397,2
2024-25,307011173,Goondiwindi,Qld,Sorghum,3445,24833
2024-25,307011173,Goondiwindi,Qld,Wheat,10745,105118
2024-25,307011174,Inglewood - Waggamba,Qld,Barley,91954,226485
2024-25,307011174,Inglewood - Waggamba,Qld,Canola,2134,6432
2024-25,307011174,Inglewood - Waggamba,Qld,Chickpeas,58505,64893
2024-25,307011174,Inglewood - Waggamba,Qld,Faba beans,2877,4724
2024-25,307011174,Inglewood - Waggamba,Qld,Maize,316,1037
2024-25,307011174,Inglewood - Waggamba,Qld,Oats,13675,84
2024-25,307011174,Inglewood - Waggamba,Qld,Sorghum,28270,67393
2024-25,307011174,Inglewood - Waggamba,Qld,Wheat,140937,275841
2024-25,307011175,Miles - Wandoan,Qld,Barley,12351,32833
2024-25,307011175,Miles - Wandoan,Qld,Canola,180,478
2024-25,307011175,Miles - Wandoan,Qld,Chickpeas,14039,26199
2024-25,307011175,Miles - Wandoan,Qld,Maize,132,759
2024-25,307011175,Miles - Wandoan,Qld,Oats,7505,46
2024-25,307011175,Miles - Wandoan,Qld,Sorghum,13523,42868
2024-25,307011175,Miles - Wandoan,Qld,Wheat,40281,108894
2024-25,307011177,Roma Surrounds,Qld,Barley,22214,33599
2024-25,307011177,Roma Surrounds,Qld,Canola,120,299
2024-25,307011177,Roma Surrounds,Qld,Chickpeas,22084,32622
2024-25,307011177,Roma Surrounds,Qld,Oats,27213,167
2024-25,307011177,Roma Surrounds,Qld,Sorghum,17618,49988
2024-25,307011177,Roma Surrounds,Qld,Wheat,64521,133966
2024-25,307011178,Tara,Qld,Barley,29715,55502
2024-25,307011178,Tara,Qld,Chickpeas,25554,35839
2024-25,307011178,Tara,Qld,Faba beans,326,559
2024-25,307011178,Tara,Qld,Oats,13121,80
2024-25,307011178,Tara,Qld,Sorghum,27424,80929
2024-25,307011178,Tara,Qld,Wheat,86696,196353
2024-25,307021179,Crows Nest - Rosalie,Qld,Barley,6632,9245
2024-25,307021179,Crows Nest - Rosalie,Qld,Chickpeas,472,708
2024-25,307021179,Crows Nest - Rosalie,Qld,Maize,218,1256
2024-25,307021179,Crows Nest - Rosalie,Qld,Oats,1070,7
2024-25,307021179,Crows Nest - Rosalie,Qld,Sorghum,5324,15206
2024-25,307021179,Crows Nest - Rosalie,Qld,Wheat,4619,5996
2024-25,307021180,Jondaryan,Qld,Barley,23890,51512
2024-25,307021180,Jondaryan,Qld,Canola,110,184
2024-25,307021180,Jondaryan,Qld,Chickpeas,10916,21027
2024-25,307021180,Jondaryan,Qld,Faba beans,622,1109
2024-25,307021180,Jondaryan,Qld,Maize,1120,5872
2024-25,307021180,Jondaryan,Qld,Oats,853,93
2024-25,307021180,Jondaryan,Qld,Sorghum,40431,198867
2024-25,307021180,Jondaryan,Qld,Wheat,30380,79264
2024-25,307021181,Millmerran,Qld,Barley,6263,25811
2024-25,307021181,Millmerran,Qld,Canola,251,480
2024-25,307021181,Millmerran,Qld,Chickpeas,9114,16393
2024-25,307021181,Millmerran,Qld,Faba beans,249,246
2024-25,307021181,Millmerran,Qld,Maize,508,2846
2024-25,307021181,Millmerran,Qld,Oats,2102,13
2024-25,307021181,Millmerran,Qld,Sorghum,20416,119106
2024-25,307021181,Millmerran,Qld,Wheat,22504,77482
2024-25,307021182,Pittsworth,Qld,Barley,3784,21829
2024-25,307021182,Pittsworth,Qld,Chickpeas,6447,13319
2024-25,307021182,Pittsworth,Qld,Maize,312,1802
2024-25,307021182,Pittsworth,Qld,Oats,510,360
2024-25,307021182,Pittsworth,Qld,Sorghum,17071,128804
2024-25,307021182,Pittsworth,Qld,Wheat,10146,94094
2024-25,307021183,Wambo,Qld,Barley,36522,152776
2024-25,307021183,Wambo,Qld,Chickpeas,21858,45236
2024-25,307021183,Wambo,Qld,Faba beans,637,1264
2024-25,307021183,Wambo,Qld,Field peas,290,770
2024-25,307021183,Wambo,Qld,Maize,950,8485
2024-25,307021183,Wambo,Qld,Oats,4585,28
2024-25,307021183,Wambo,Qld,Sorghum,53653,356568
2024-25,307021183,Wambo,Qld,Wheat,48443,192207
2024-25,307031184,Clifton - Greenmount,Qld,Barley,6639,19832
2024-25,307031184,Clifton - Greenmount,Qld,Canola,181,618
2024-25,307031184,Clifton - Greenmount,Qld,Chickpeas,1167,1597
2024-25,307031184,Clifton - Greenmount,Qld,Maize,268,1070
2024-25,307031184,Clifton - Greenmount,Qld,Oats,741,5
2024-25,307031184,Clifton - Greenmount,Qld,Sorghum,14183,73799
2024-25,307031184,Clifton - Greenmount,Qld,Wheat,12236,29666
2024-25,307031185,Southern Downs - East,Qld,Barley,3456,14492
2024-25,307031185,Southern Downs - East,Qld,Chickpeas,355,245
2024-25,307031185,Southern Downs - East,Qld,Maize,300,4276
2024-25,307031185,Southern Downs - East,Qld,Oats,515,370
2024-25,307031185,Southern Downs - East,Qld,Sorghum,3864,20563
2024-25,307031185,Southern Downs - East,Qld,Wheat,4204,7336
2024-25,307031186,Southern Downs - West,Qld,Barley,3730,14053
2024-25,307031186,Southern Downs - West,Qld,Chickpeas,645,953
2024-25,307031186,Southern Downs - West,Qld,Maize,506,5319
2024-25,307031186,Southern Downs - West,Qld,Oats,626,4
2024-25,307031186,Southern Downs - West,Qld,Sorghum,4940,27434
2024-25,307031186,Southern Downs - West,Qld,Wheat,3645,7021
2024-25,307031188,Stanthorpe Surrounds,Qld,Sorghum,119,72
2024-25,307031189,Warwick,Qld,Barley,143,776
2024-25,307031189,Warwick,Qld,Sorghum,242,801
2024-25,307031189,Warwick,Qld,Wheat,231,1348
2024-25,308011190,Central Highlands - East,Qld,Barley,523,297
2024-25,308011190,Central Highlands - East,Qld,Canola,637,635
2024-25,308011190,Central Highlands - East,Qld,Chickpeas,7134,22716
2024-25,308011190,Central Highlands - East,Qld,Oats,1593,7
2024-25,308011190,Central Highlands - East,Qld,Sorghum,6749,29700
2024-25,308011190,Central Highlands - East,Qld,Wheat,9528,28384
2024-25,308011191,Central Highlands - West,Qld,Barley,3787,4525
2024-25,308011191,Central Highlands - West,Qld,Chickpeas,86800,189954
2024-25,308011191,Central Highlands - West,Qld,Maize,191,145
2024-25,308011191,Central Highlands - West,Qld,Oats,7143,32
2024-25,308011191,Central Highlands - West,Qld,Rice,4,326
2024-25,308011191,Central Highlands - West,Qld,Sorghum,31919,88163
2024-25,308011191,Central Highlands - West,Qld,Wheat,42278,113376
2024-25,308031220,Rockhampton Surrounds - West,Qld,Chickpeas,118,286
2024-25,308041528,Banana,Qld,Barley,4329,3938
2024-25,308041528,Banana,Qld,Chickpeas,5924,19502
2024-25,308041528,Banana,Qld,Maize,202,1256
2024-25,308041528,Banana,Qld,Oats,7360,33
2024-25,308041528,Banana,Qld,Sorghum,8242,37945
2024-25,308041528,Banana,Qld,Wheat,15569,60324
2024-25,309071254,Jacobs Well - Alberton,Qld,Sorghum,257,1400
2024-25,309071254,Jacobs Well - Alberton,Qld,Wheat,1301,3987
2024-25,310021277,Boonah,Qld,Chickpeas,471,969
2024-25,310021277,Boonah,Qld,Sorghum,112,528
2024-25,310021277,Boonah,Qld,Wheat,474,1287
2024-25,310021280,Lockyer Valley - East,Qld,Maize,223,2128
2024-25,310021280,Lockyer Valley - East,Qld,Sorghum,397,1876
2024-25,310021280,Lockyer Valley - East,Qld,Wheat,798,2165
2024-25,310021281,Lowood,Qld,Maize,107,1023
2024-25,310021281,Lowood,Qld,Sorghum,278,1314
2024-25,310021281,Lowood,Qld,Wheat,1480,4015
2024-25,312011338,Broadsound - Nebo,Qld,Barley,832,2063
2024-25,312011338,Broadsound - Nebo,Qld,Chickpeas,11434,16483
2024-25,312011338,Broadsound - Nebo,Qld,Maize,250,120
2024-25,312011338,Broadsound - Nebo,Qld,Oats,344,2
2024-25,312011338,Broadsound - Nebo,Qld,Sorghum,10495,30411
2024-25,312011338,Broadsound - Nebo,Qld,Wheat,3818,3477
2024-25,312011339,Clermont,Qld,Barley,748,293
2024-25,312011339,Clermont,Qld,Chickpeas,50987,124022
2024-25,312011339,Clermont,Qld,Sorghum,25947,145975
2024-25,312011339,Clermont,Qld,Wheat,24615,26486
2024-25,312011341,Moranbah,Qld,Chickpeas,1667,753
2024-25,312011341,Moranbah,Qld,Wheat,1389,3324
2024-25,315021406,Mount Isa Surrounds,Qld,Chickpeas,159,310
2024-25,315021407,Northern Highlands,Qld,Chickpeas,843,1639
2024-25,315031410,Far Central West,Qld,Sorghum,496,2366
2024-25,317011445,Cambooya - Wyreema,Qld,Barley,800,5132
2024-25,317011445,Cambooya - Wyreema,Qld,Canola,158,199
2024-25,317011445,Cambooya - Wyreema,Qld,Chickpeas,194,2818
2024-25,317011445,Cambooya - Wyreema,Qld,Oats,176,7
2024-25,317011445,Cambooya - Wyreema,Qld,Sorghum,1745,13068
2024-25,317011445,Cambooya - Wyreema,Qld,Wheat,1282,11437
2024-25,317011449,Gowrie (Qld),Qld,Barley,108,693
2024-25,317011449,Gowrie (Qld),Qld,Sorghum,133,1004
2024-25,317011458,Toowoomba - West,Qld,Barley,300,1922
2024-25,317011458,Toowoomba - West,Qld,Oats,145,3
2024-25,317011458,Toowoomba - West,Qld,Sorghum,628,4296
2024-25,317011458,Toowoomba - West,Qld,Wheat,358,3082
2024-25,318011460,Ayr,Qld,Sorghum,439,2293
2024-25,318011461,Burdekin,Qld,Sorghum,357,1864
2024-25,318011462,Charters Towers,Qld,Chickpeas,350,542
2024-25,319021503,Gayndah - Mundubbera,Qld,Maize,123,1651
2024-25,319021503,Gayndah - Mundubbera,Qld,Sorghum,134,404
2024-25,319021503,Gayndah - Mundubbera,Qld,Wheat,461,766
2024-25,319021505,Kingaroy,Qld,Sorghum,110,866
2024-25,319021505,Kingaroy,Qld,Wheat,117,577
2024-25,319021506,Kingaroy Surrounds - North,Qld,Barley,1187,5637
2024-25,319021506,Kingaroy Surrounds - North,Qld,Chickpeas,231,3299
2024-25,319021506,Kingaroy Surrounds - North,Qld,Maize,123,1018
2024-25,319021506,Kingaroy Surrounds - North,Qld,Oats,358,2
2024-25,319021506,Kingaroy Surrounds - North,Qld,Sorghum,1543,6322
2024-25,319021506,Kingaroy Surrounds - North,Qld,Wheat,2804,9167
2024-25,319021507,Kingaroy Surrounds - South,Qld,Barley,722,1366
2024-25,319021507,Kingaroy Surrounds - South,Qld,Maize,221,2753
2024-25,319021507,Kingaroy Surrounds - South,Qld,Oats,796,4
2024-25,319021507,Kingaroy Surrounds - South,Qld,Sorghum,762,1059
2024-25,319021507,Kingaroy Surrounds - South,Qld,Wheat,1756,1801
2024-25,319021508,Monto - Eidsvold,Qld,Barley,399,1644
2024-25,319021508,Monto - Eidsvold,Qld,Chickpeas,233,3326
2024-25,319021508,Monto - Eidsvold,Qld,Maize,313,3011
2024-25,319021508,Monto - Eidsvold,Qld,Oats,121,1
2024-25,319021508,Monto - Eidsvold,Qld,Sorghum,324,865
2024-25,319021508,Monto - Eidsvold,Qld,Wheat,553,5251
2024-25,319021509,Nanango,Qld,Barley,336,721
2024-25,319021509,Nanango,Qld,Maize,123,268
2024-25,319021509,Nanango,Qld,Sorghum,585,3261
2024-25,319021509,Nanango,Qld,Wheat,505,760
2024-25,401021008,Mount Barker Surrounds,SA,Wheat,111,199
2024-25,402011025,Gawler - North,SA,Barley,1371,5039
2024-25,402011025,Gawler - North,SA,Canola,778,2592
2024-25,402011025,Gawler - North,SA,Faba beans,410,2479
2024-25,402011025,Gawler - North,SA,Field peas,316,206
2024-25,402011025,Gawler - North,SA,Lentils,1469,4493
2024-25,402011025,Gawler - North,SA,Oats,486,882
2024-25,402011025,Gawler - North,SA,Wheat,3779,11339
2024-25,402011026,Gawler - South,SA,Barley,282,562
2024-25,402011026,Gawler - South,SA,Faba beans,176,1062
2024-25,402011026,Gawler - South,SA,Field peas,124,224
2024-25,402011026,Gawler - South,SA,Lentils,167,509
2024-25,402011026,Gawler - South,SA,Wheat,805,5341
2024-25,402011027,Lewiston - Two Wells,SA,Lentils,360,1100
2024-25,402011027,Lewiston - Two Wells,SA,Oats,292,136
2024-25,402011027,Lewiston - Two Wells,SA,Wheat,641,2009
2024-25,405011110,Barossa - Angaston,SA,Barley,473,1250
2024-25,405011110,Barossa - Angaston,SA,Canola,269,286
2024-25,405011110,Barossa - Angaston,SA,Faba beans,205,64
2024-25,405011110,Barossa - Angaston,SA,Field peas,139,13
2024-25,405011110,Barossa - Angaston,SA,Oats,292,2
2024-25,405011110,Barossa - Angaston,SA,Wheat,730,5036
2024-25,405011111,Light,SA,Barley,10632,32498
2024-25,405011111,Light,SA,Canola,5634,8364
2024-25,405011111,Light,SA,Faba beans,5929,9686
2024-25,405011111,Light,SA,Field peas,1416,1494
2024-25,405011111,Light,SA,Lentils,10004,13918
2024-25,405011111,Light,SA,Lupins,310,606
2024-25,405011111,Light,SA,Oats,2908,210
2024-25,405011111,Light,SA,Wheat,29216,59986
2024-25,405011112,Lyndoch,SA,Wheat,373,610
2024-25,405011113,Mallala,SA,Barley,10499,18709
2024-25,405011113,Mallala,SA,Canola,855,2039
2024-25,405011113,Mallala,SA,Faba beans,393,1156
2024-25,405011113,Mallala,SA,Field peas,146,39
2024-25,405011113,Mallala,SA,Lentils,16158,18160
2024-25,405011113,Mallala,SA,Oats,2791,49
2024-25,405011113,Mallala,SA,Wheat,19266,50304
2024-25,405021116,Clare,SA,Canola,158,550
2024-25,405021116,Clare,SA,Faba beans,113,558
2024-25,405021116,Clare,SA,Oats,153,23
2024-25,405021116,Clare,SA,Wheat,227,1930
2024-25,405021117,Gilbert Valley,SA,Barley,13652,22130
2024-25,405021117,Gilbert Valley,SA,Canola,14421,22878
2024-25,405021117,Gilbert Valley,SA,Faba beans,12885,18601
2024-25,405021117,Gilbert Valley,SA,Field peas,402,287
2024-25,405021117,Gilbert Valley,SA,Lentils,5685,12059
2024-25,405021117,Gilbert Valley,SA,Lupins,141,327
2024-25,405021117,Gilbert Valley,SA,Oats,12177,79
2024-25,405021117,Gilbert Valley,SA,Wheat,34062,79590
2024-25,405021118,Goyder,SA,Barley,28889,10681
2024-25,405021118,Goyder,SA,Canola,9920,8664
2024-25,405021118,Goyder,SA,Faba beans,3976,2821
2024-25,405021118,Goyder,SA,Field peas,2073,467
2024-25,405021118,Goyder,SA,Lentils,5756,2652
2024-25,405021118,Goyder,SA,Lupins,255,335
2024-25,405021118,Goyder,SA,Oats,17150,111
2024-25,405021118,Goyder,SA,Wheat,48422,31426
2024-25,405021119,Wakefield - Barunga West,SA,Barley,76315,124914
2024-25,405021119,Wakefield - Barunga West,SA,Canola,9576,31406
2024-25,405021119,Wakefield - Barunga West,SA,Chickpeas,121,326
2024-25,405021119,Wakefield - Barunga West,SA,Faba beans,2779,14759
2024-25,405021119,Wakefield - Barunga West,SA,Field peas,5571,3076
2024-25,405021119,Wakefield - Barunga West,SA,Lentils,112937,99078
2024-25,405021119,Wakefield - Barunga West,SA,Lupins,176,459
2024-25,405021119,Wakefield - Barunga West,SA,Oats,8428,369
2024-25,405021119,Wakefield - Barunga West,SA,Wheat,164822,296105
2024-25,405031120,Jamestown,SA,Barley,34758,18336
2024-25,405031120,Jamestown,SA,Canola,13060,18057
2024-25,405031120,Jamestown,SA,Faba beans,8871,6175
2024-25,405031120,Jamestown,SA,Field peas,708,364
2024-25,405031120,Jamestown,SA,Lentils,17784,10722
2024-25,405031120,Jamestown,SA,Oats,8240,53
2024-25,405031120,Jamestown,SA,Wheat,71591,79396
2024-25,405031121,Peterborough - Mount Remarkable,SA,Barley,18456,5900
2024-25,405031121,Peterborough - Mount Remarkable,SA,Canola,6648,6037
2024-25,405031121,Peterborough - Mount Remarkable,SA,Chickpeas,220,245
2024-25,405031121,Peterborough - Mount Remarkable,SA,Faba beans,2413,1535
2024-25,405031121,Peterborough - Mount Remarkable,SA,Field peas,1570,144
2024-25,405031121,Peterborough - Mount Remarkable,SA,Lentils,10059,3405
2024-25,405031121,Peterborough - Mount Remarkable,SA,Lupins,177,233
2024-25,405031121,Peterborough - Mount Remarkable,SA,Oats,2505,16
2024-25,405031121,Peterborough - Mount Remarkable,SA,Wheat,47850,26811
2024-25,405031122,Port Pirie,SA,Lentils,553,1089
2024-25,405031122,Port Pirie,SA,Wheat,343,2664
2024-25,405031123,Port Pirie Surrounds,SA,Barley,26515,12929
2024-25,405031123,Port Pirie Surrounds,SA,Canola,2602,3730
2024-25,405031123,Port Pirie Surrounds,SA,Faba beans,668,379
2024-25,405031123,Port Pirie Surrounds,SA,Field peas,799,271
2024-25,405031123,Port Pirie Surrounds,SA,Lentils,19214,9654
2024-25,405031123,Port Pirie Surrounds,SA,Oats,1314,9
2024-25,405031123,Port Pirie Surrounds,SA,Wheat,34419,43404
2024-25,405041124,Kadina,SA,Barley,7044,42146
2024-25,405041124,Kadina,SA,Field peas,579,533
2024-25,405041124,Kadina,SA,Lentils,13294,39168
2024-25,405041124,Kadina,SA,Oats,551,19
2024-25,405041124,Kadina,SA,Wheat,11877,118660
2024-25,405041125,Moonta,SA,Barley,4104,8378
2024-25,405041125,Moonta,SA,Canola,266,558
2024-25,405041125,Moonta,SA,Lentils,8445,6760
2024-25,405041125,Moonta,SA,Oats,209,1
2024-25,405041125,Moonta,SA,Wheat,7576,19222
2024-25,405041126,Wallaroo,SA,Barley,3799,6635
2024-25,405041126,Wallaroo,SA,Canola,168,659
2024-25,405041126,Wallaroo,SA,Field peas,244,474
2024-25,405041126,Wallaroo,SA,Lentils,2501,3336
2024-25,405041126,Wallaroo,SA,Wheat,3654,6995
2024-25,405041127,Yorke Peninsula - North,SA,Barley,36279,100318
2024-25,405041127,Yorke Peninsula - North,SA,Canola,7654,21641
2024-25,405041127,Yorke Peninsula - North,SA,Chickpeas,766,1411
2024-25,405041127,Yorke Peninsula - North,SA,Faba beans,1392,6500
2024-25,405041127,Yorke Peninsula - North,SA,Field peas,743,859
2024-25,405041127,Yorke Peninsula - North,SA,Lentils,112294,152195
2024-25,405041127,Yorke Peninsula - North,SA,Lupins,202,396
2024-25,405041127,Yorke Peninsula - North,SA,Oats,1136,7
2024-25,405041127,Yorke Peninsula - North,SA,Wheat,123289,307942
2024-25,405041128,Yorke Peninsula - South,SA,Barley,12579,38063
2024-25,405041128,Yorke Peninsula - South,SA,Canola,5324,9301
2024-25,405041128,Yorke Peninsula - South,SA,Faba beans,3278,2132
2024-25,405041128,Yorke Peninsula - South,SA,Field peas,318,29
2024-25,405041128,Yorke Peninsula - South,SA,Lentils,25124,35169
2024-25,405041128,Yorke Peninsula - South,SA,Lupins,140,184
2024-25,405041128,Yorke Peninsula - South,SA,Oats,191,1
2024-25,405041128,Yorke Peninsula - South,SA,Wheat,37862,92217
2024-25,406011129,Ceduna,SA,Canola,612,2281
2024-25,406011129,Ceduna,SA,Lentils,139,317
2024-25,406011129,Ceduna,SA,Wheat,6963,40836
2024-25,406011130,Eyre Peninsula,SA,Barley,47086,88540
2024-25,406011130,Eyre Peninsula,SA,Canola,75405,124142
2024-25,406011130,Eyre Peninsula,SA,Faba beans,17666,22905
2024-25,406011130,Eyre Peninsula,SA,Field peas,1930,738
2024-25,406011130,Eyre Peninsula,SA,Lentils,30281,45054
2024-25,406011130,Eyre Peninsula,SA,Lupins,5107,1447
2024-25,406011130,Eyre Peninsula,SA,Oats,1501,147
2024-25,406011130,Eyre Peninsula,SA,Wheat,129195,310250
2024-25,406011131,Kimba - Cleve - Franklin Harbour,SA,Barley,104719,123474
2024-25,406011131,Kimba - Cleve - Franklin Harbour,SA,Canola,26250,35769
2024-25,406011131,Kimba - Cleve - Franklin Harbour,SA,Chickpeas,267,1207
2024-25,406011131,Kimba - Cleve - Franklin Harbour,SA,Faba beans,4752,9129
2024-25,406011131,Kimba - Cleve - Franklin Harbour,SA,Field peas,6451,1442
2024-25,406011131,Kimba - Cleve - Franklin Harbour,SA,Lentils,56774,30398
2024-25,406011131,Kimba - Cleve - Franklin Harbour,SA,Lupins,7824,2077
2024-25,406011131,Kimba - Cleve - Franklin Harbour,SA,Oats,1706,21
2024-25,406011131,Kimba - Cleve - Franklin Harbour,SA,Wheat,282240,398432
2024-25,406011132,Le Hunte - Elliston,SA,Barley,72732,98578
2024-25,406011132,Le Hunte - Elliston,SA,Canola,7300,10574
2024-25,406011132,Le Hunte - Elliston,SA,Faba beans,1570,5832
2024-25,406011132,Le Hunte - Elliston,SA,Field peas,2963,745
2024-25,406011132,Le Hunte - Elliston,SA,Lentils,35398,24555
2024-25,406011132,Le Hunte - Elliston,SA,Lupins,2908,455
2024-25,406011132,Le Hunte - Elliston,SA,Oats,813,10
2024-25,406011132,Le Hunte - Elliston,SA,Wheat,183142,265888
2024-25,406011133,Port Lincoln,SA,Canola,458,1781
2024-25,406011133,Port Lincoln,SA,Wheat,227,2099
2024-25,406011134,West Coast (SA),SA,Barley,11928,21865
2024-25,406011134,West Coast (SA),SA,Canola,2395,2222
2024-25,406011134,West Coast (SA),SA,Faba beans,238,398
2024-25,406011134,West Coast (SA),SA,Field peas,145,13
2024-25,406011134,West Coast (SA),SA,Lentils,5932,3765
2024-25,406011134,West Coast (SA),SA,Lupins,226,68
2024-25,406011134,West Coast (SA),SA,Oats,2090,26
2024-25,406011134,West Coast (SA),SA,Wheat,269283,156799
2024-25,406021140,Quorn - Lake Gilles,SA,Barley,497,92
2024-25,406021140,Quorn - Lake Gilles,SA,Wheat,1456,1522
2024-25,407011144,Goolwa - Port Elliot,SA,Barley,241,49
2024-25,407011144,Goolwa - Port Elliot,SA,Faba beans,252,111
2024-25,407011144,Goolwa - Port Elliot,SA,Oats,188,18
2024-25,407011144,Goolwa - Port Elliot,SA,Wheat,273,143
2024-25,407011145,Kangaroo Island,SA,Barley,3879,877
2024-25,407011145,Kangaroo Island,SA,Canola,4634,6422
2024-25,407011145,Kangaroo Island,SA,Faba beans,2195,1215
2024-25,407011145,Kangaroo Island,SA,Lentils,350,33
2024-25,407011145,Kangaroo Island,SA,Lupins,292,12
2024-25,407011145,Kangaroo Island,SA,Oats,310,64
2024-25,407011145,Kangaroo Island,SA,Wheat,3760,1965
2024-25,407011146,Strathalbyn,SA,Barley,158,925
2024-25,407011146,Strathalbyn,SA,Canola,185,600
2024-25,407011146,Strathalbyn,SA,Oats,129,12
2024-25,407011146,Strathalbyn,SA,Wheat,564,5126
2024-25,407011147,Strathalbyn Surrounds,SA,Barley,4400,8280
2024-25,407011147,Strathalbyn Surrounds,SA,Canola,4007,5338
2024-25,407011147,Strathalbyn Surrounds,SA,Faba beans,2208,2599
2024-25,407011147,Strathalbyn Surrounds,SA,Field peas,152,16
2024-25,407011147,Strathalbyn Surrounds,SA,Lentils,295,28
2024-25,407011147,Strathalbyn Surrounds,SA,Lupins,278,11
2024-25,407011147,Strathalbyn Surrounds,SA,Oats,844,82
2024-25,407011147,Strathalbyn Surrounds,SA,Wheat,7565,12170
2024-25,407011149,Yankalilla,SA,Oats,289,28
2024-25,407011149,Yankalilla,SA,Wheat,210,56
2024-25,407021150,Grant,SA,Barley,235,78
2024-25,407021150,Grant,SA,Canola,243,363
2024-25,407021150,Grant,SA,Wheat,216,57
2024-25,407021151,Kingston - Robe,SA,Barley,746,443
2024-25,407021151,Kingston - Robe,SA,Canola,695,490
2024-25,407021151,Kingston - Robe,SA,Faba beans,1652,452
2024-25,407021151,Kingston - Robe,SA,Oats,236,126
2024-25,407021151,Kingston - Robe,SA,Wheat,1777,5749
2024-25,407021152,Millicent,SA,Barley,139,796
2024-25,407021152,Millicent,SA,Canola,101,378
2024-25,407021152,Millicent,SA,Faba beans,447,2443
2024-25,407021152,Millicent,SA,Wheat,525,5076
2024-25,407021154,Naracoorte,SA,Barley,159,709
2024-25,407021154,Naracoorte,SA,Canola,153,606
2024-25,407021154,Naracoorte,SA,Faba beans,142,829
2024-25,407021154,Naracoorte,SA,Wheat,403,3762
2024-25,407021155,Naracoorte Surrounds,SA,Barley,4209,2525
2024-25,407021155,Naracoorte Surrounds,SA,Canola,5723,9987
2024-25,407021155,Naracoorte Surrounds,SA,Chickpeas,150,245
2024-25,407021155,Naracoorte Surrounds,SA,Faba beans,6058,13630
2024-25,407021155,Naracoorte Surrounds,SA,Lentils,1151,109
2024-25,407021155,Naracoorte Surrounds,SA,Lupins,119,5
2024-25,407021155,Naracoorte Surrounds,SA,Oats,576,3022
2024-25,407021155,Naracoorte Surrounds,SA,Wheat,13779,39318
2024-25,407021156,Penola,SA,Barley,1532,1802
2024-25,407021156,Penola,SA,Canola,1976,7481
2024-25,407021156,Penola,SA,Faba beans,1939,5070
2024-25,407021156,Penola,SA,Lentils,281,27
2024-25,407021156,Penola,SA,Wheat,4135,13815
2024-25,407021157,Tatiara,SA,Barley,14069,22464
2024-25,407021157,Tatiara,SA,Canola,23038,46292
2024-25,407021157,Tatiara,SA,Chickpeas,316,457
2024-25,407021157,Tatiara,SA,Faba beans,21347,28900
2024-25,407021157,Tatiara,SA,Lentils,1537,923
2024-25,407021157,Tatiara,SA,Lupins,1007,194
2024-25,407021157,Tatiara,SA,Oats,4946,5516
2024-25,407021157,Tatiara,SA,Wheat,37238,93494
2024-25,407021158,Wattle Range,SA,Barley,1392,1699
2024-25,407021158,Wattle Range,SA,Canola,2291,5136
2024-25,407021158,Wattle Range,SA,Faba beans,3168,4291
2024-25,407021158,Wattle Range,SA,Wheat,4582,12489
2024-25,407031159,Barmera,SA,Barley,148,36
2024-25,407031159,Barmera,SA,Wheat,2655,942
2024-25,407031161,Karoonda - Lameroo,SA,Barley,81608,55232
2024-25,407031161,Karoonda - Lameroo,SA,Canola,12792,11923
2024-25,407031161,Karoonda - Lameroo,SA,Faba beans,2253,1867
2024-25,407031161,Karoonda - Lameroo,SA,Field peas,1569,359
2024-25,407031161,Karoonda - Lameroo,SA,Lentils,20300,11911
2024-25,407031161,Karoonda - Lameroo,SA,Lupins,13208,1548
2024-25,407031161,Karoonda - Lameroo,SA,Oats,3463,1612
2024-25,407031161,Karoonda - Lameroo,SA,Wheat,129776,82908
2024-25,407031162,Loxton,SA,Barley,1300,7663
2024-25,407031162,Loxton,SA,Canola,111,331
2024-25,407031162,Loxton,SA,Lentils,391,388
2024-25,407031162,Loxton,SA,Wheat,3583,34118
2024-25,407031163,Loxton Surrounds,SA,Barley,50836,16215
2024-25,407031163,Loxton Surrounds,SA,Canola,2582,1147
2024-25,407031163,Loxton Surrounds,SA,Chickpeas,1121,954
2024-25,407031163,Loxton Surrounds,SA,Field peas,2986,320
2024-25,407031163,Loxton Surrounds,SA,Lentils,9927,1057
2024-25,407031163,Loxton Surrounds,SA,Lupins,1064,231
2024-25,407031163,Loxton Surrounds,SA,Oats,361,35
2024-25,407031163,Loxton Surrounds,SA,Wheat,124968,40186
2024-25,407031164,Mannum,SA,Barley,14312,14328
2024-25,407031164,Mannum,SA,Canola,5119,4626
2024-25,407031164,Mannum,SA,Faba beans,153,151
2024-25,407031164,Mannum,SA,Field peas,877,450
2024-25,407031164,Mannum,SA,Lentils,5244,2154
2024-25,407031164,Mannum,SA,Lupins,3039,189
2024-25,407031164,Mannum,SA,Oats,595,183
2024-25,407031164,Mannum,SA,Wheat,31462,24470
2024-25,407031165,Murray Bridge,SA,Barley,289,1537
2024-25,407031165,Murray Bridge,SA,Canola,144,469
2024-25,407031166,Murray Bridge Surrounds,SA,Barley,12435,5054
2024-25,407031166,Murray Bridge Surrounds,SA,Canola,2461,2781
2024-25,407031166,Murray Bridge Surrounds,SA,Faba beans,103,180
2024-25,407031166,Murray Bridge Surrounds,SA,Field peas,300,325
2024-25,407031166,Murray Bridge Surrounds,SA,Lentils,518,222
2024-25,407031166,Murray Bridge Surrounds,SA,Lupins,961,154
2024-25,407031166,Murray Bridge Surrounds,SA,Oats,588,130
2024-25,407031166,Murray Bridge Surrounds,SA,Wheat,8510,5592
2024-25,407031168,Renmark Surrounds,SA,Barley,1755,927
2024-25,407031168,Renmark Surrounds,SA,Field peas,422,45
2024-25,407031168,Renmark Surrounds,SA,Lentils,1335,1672
2024-25,407031168,Renmark Surrounds,SA,Wheat,12853,10188
2024-25,407031169,The Coorong,SA,Barley,45266,31505
2024-25,407031169,The Coorong,SA,Canola,25103,27854
2024-25,407031169,The Coorong,SA,Faba beans,9266,7790
2024-25,407031169,The Coorong,SA,Field peas,261,144
2024-25,407031169,The Coorong,SA,Lentils,2215,1500
2024-25,407031169,The Coorong,SA,Lupins,2753,434
2024-25,407031169,The Coorong,SA,Oats,892,109
2024-25,407031169,The Coorong,SA,Wheat,31616,43167
2024-25,407031170,Waikerie,SA,Barley,3271,7152
2024-25,407031170,Waikerie,SA,Canola,558,1659
2024-25,407031170,Waikerie,SA,Field peas,305,101
2024-25,407031170,Waikerie,SA,Lentils,850,922
2024-25,407031170,Waikerie,SA,Lupins,302,657
2024-25,407031170,Waikerie,SA,Oats,177,17
2024-25,407031170,Waikerie,SA,Wheat,31032,30308
2024-25,501011003,Busselton Surrounds,WA,Barley,479,2987
2024-25,501021007,Capel,WA,Barley,1205,7510
2024-25,501021010,Dardanup,WA,Barley,386,2403
2024-25,501031017,Bridgetown - Boyup Brook,WA,Barley,7585,47256
2024-25,501031017,Bridgetown - Boyup Brook,WA,Canola,11682,33480
2024-25,501031017,Bridgetown - Boyup Brook,WA,Faba beans,126,148
2024-25,501031017,Bridgetown - Boyup Brook,WA,Lentils,138,5
2024-25,501031017,Bridgetown - Boyup Brook,WA,Lupins,1676,373
2024-25,501031017,Bridgetown - Boyup Brook,WA,Oats,7172,12868
2024-25,501031017,Bridgetown - Boyup Brook,WA,Wheat,5411,24239
2024-25,501031020,Pemberton,WA,Barley,139,868
2024-25,504021049,Chidlow,WA,Oats,176,895
2024-25,506061144,Serpentine - Jarrahdale,WA,Lupins,426,332
2024-25,506061144,Serpentine - Jarrahdale,WA,Wheat,426,949
2024-25,509011226,Albany Surrounds,WA,Barley,18510,70578
2024-25,509011226,Albany Surrounds,WA,Canola,27148,52485
2024-25,509011226,Albany Surrounds,WA,Lupins,411,240
2024-25,509011226,Albany Surrounds,WA,Oats,1356,1209
2024-25,509011226,Albany Surrounds,WA,Wheat,12052,35291
2024-25,509011229,Gnowangerup,WA,Barley,214516,648803
2024-25,509011229,Gnowangerup,WA,Canola,177446,251218
2024-25,509011229,Gnowangerup,WA,Faba beans,5205,3406
2024-25,509011229,Gnowangerup,WA,Field peas,2222,1258
2024-25,509011229,Gnowangerup,WA,Lentils,1536,177
2024-25,509011229,Gnowangerup,WA,Lupins,31334,7078
2024-25,509011229,Gnowangerup,WA,Oats,22072,39839
2024-25,509011229,Gnowangerup,WA,Wheat,245064,609175
2024-25,509011230,Katanning,WA,Barley,28485,163176
2024-25,509011230,Katanning,WA,Canola,27076,73943
2024-25,509011230,Katanning,WA,Lupins,7490,1866
2024-25,509011230,Katanning,WA,Oats,9888,27030
2024-25,509011230,Katanning,WA,Wheat,29025,117400
2024-25,509011231,Kojonup,WA,Barley,68718,315305
2024-25,509011231,Kojonup,WA,Canola,97886,263091
2024-25,509011231,Kojonup,WA,Faba beans,1616,3930
2024-25,509011231,Kojonup,WA,Lupins,12514,4366
2024-25,509011231,Kojonup,WA,Oats,22048,35617
2024-25,509011231,Kojonup,WA,Wheat,76311,313238
2024-25,509011234,Plantagenet,WA,Barley,16874,83737
2024-25,509011234,Plantagenet,WA,Canola,26466,79085
2024-25,509011234,Plantagenet,WA,Faba beans,264,885
2024-25,509011234,Plantagenet,WA,Lentils,4,0
2024-25,509011234,Plantagenet,WA,Lupins,963,1579
2024-25,509011234,Plantagenet,WA,Oats,4290,6352
2024-25,509011234,Plantagenet,WA,Wheat,15294,65963
2024-25,509021236,Chittering,WA,Barley,2206,10486
2024-25,509021236,Chittering,WA,Canola,3679,11023
2024-25,509021236,Chittering,WA,Lupins,669,1699
2024-25,509021236,Chittering,WA,Oats,1502,718
2024-25,509021236,Chittering,WA,Wheat,6220,38357
2024-25,509021237,Cunderdin,WA,Barley,78029,316073
2024-25,509021237,Cunderdin,WA,Canola,60943,138125
2024-25,509021237,Cunderdin,WA,Field peas,2146,2244
2024-25,509021237,Cunderdin,WA,Lupins,41636,59659
2024-25,509021237,Cunderdin,WA,Oats,11330,13033
2024-25,509021237,Cunderdin,WA,Wheat,211919,715625
2024-25,509021238,Dowerin,WA,Barley,110037,311124
2024-25,509021238,Dowerin,WA,Canola,97641,145581
2024-25,509021238,Dowerin,WA,Field peas,576,26
2024-25,509021238,Dowerin,WA,Lupins,50599,51347
2024-25,509021238,Dowerin,WA,Oats,12540,13315
2024-25,509021238,Dowerin,WA,Wheat,396681,960640
2024-25,509021239,Gingin - Dandaragan,WA,Barley,10362,26616
2024-25,509021239,Gingin - Dandaragan,WA,Canola,30863,43055
2024-25,509021239,Gingin - Dandaragan,WA,Faba beans,232,30
2024-25,509021239,Gingin - Dandaragan,WA,Field peas,151,7
2024-25,509021239,Gingin - Dandaragan,WA,Lentils,110,11
2024-25,509021239,Gingin - Dandaragan,WA,Lupins,14291,11431
2024-25,509021239,Gingin - Dandaragan,WA,Oats,3055,2165
2024-25,509021239,Gingin - Dandaragan,WA,Wheat,45657,93846
2024-25,509021240,Merredin,WA,Barley,91165,253791
2024-25,509021240,Merredin,WA,Canola,75573,103835
2024-25,509021240,Merredin,WA,Field peas,3472,1282
2024-25,509021240,Merredin,WA,Lentils,249,39
2024-25,509021240,Merredin,WA,Lupins,34153,34200
2024-25,509021240,Merredin,WA,Oats,37744,80212
2024-25,509021240,Merredin,WA,Wheat,324453,758198
2024-25,509021241,Moora,WA,Barley,94681,375349
2024-25,509021241,Moora,WA,Canola,101035,202396
2024-25,509021241,Moora,WA,Chickpeas,238,1791
2024-25,509021241,Moora,WA,Faba beans,187,47
2024-25,509021241,Moora,WA,Field peas,733,1182
2024-25,509021241,Moora,WA,Lentils,194,145
2024-25,509021241,Moora,WA,Lupins,28549,48167
2024-25,509021241,Moora,WA,Oats,21973,11231
2024-25,509021241,Moora,WA,Wheat,398827,1357035
2024-25,509021242,Mukinbudin,WA,Barley,84094,140883
2024-25,509021242,Mukinbudin,WA,Canola,57352,38911
2024-25,509021242,Mukinbudin,WA,Field peas,1912,314
2024-25,509021242,Mukinbudin,WA,Lupins,24906,10179
2024-25,509021242,Mukinbudin,WA,Oats,21723,33147
2024-25,509021242,Mukinbudin,WA,Wheat,670748,912879
2024-25,509021243,Northam,WA,Barley,5683,31405
2024-25,509021243,Northam,WA,Canola,8522,17664
2024-25,509021243,Northam,WA,Faba beans,103,13
2024-25,509021243,Northam,WA,Lupins,3575,4790
2024-25,509021243,Northam,WA,Oats,5797,2164
2024-25,509021243,Northam,WA,Wheat,24212,108942
2024-25,509021244,Toodyay,WA,Barley,4956,12648
2024-25,509021244,Toodyay,WA,Canola,8352,14413
2024-25,509021244,Toodyay,WA,Lupins,2104,2785
2024-25,509021244,Toodyay,WA,Oats,2413,888
2024-25,509021244,Toodyay,WA,Wheat,12259,59257
2024-25,509021245,York - Beverley,WA,Barley,43901,251874
2024-25,509021245,York - Beverley,WA,Canola,38903,104972
2024-25,509021245,York - Beverley,WA,Field peas,159,62
2024-25,509021245,York - Beverley,WA,Lupins,6016,5545
2024-25,509021245,York - Beverley,WA,Oats,17816,33426
2024-25,509021245,York - Beverley,WA,Wheat,48753,233396
2024-25,509031246,Brookton,WA,Barley,94723,424693
2024-25,509031246,Brookton,WA,Canola,57966,118702
2024-25,509031246,Brookton,WA,Faba beans,194,316
2024-25,509031246,Brookton,WA,Field peas,216,145
2024-25,509031246,Brookton,WA,Lupins,23916,21323
2024-25,509031246,Brookton,WA,Oats,48722,111560
2024-25,509031246,Brookton,WA,Wheat,82448,322673
2024-25,509031247,Kulin,WA,Barley,472629,1611146
2024-25,509031247,Kulin,WA,Canola,133169,170984
2024-25,509031247,Kulin,WA,Faba beans,1994,1550
2024-25,509031247,Kulin,WA,Field peas,8342,7309
2024-25,509031247,Kulin,WA,Lentils,287,29
2024-25,509031247,Kulin,WA,Lupins,79549,61600
2024-25,509031247,Kulin,WA,Oats,103381,199042
2024-25,509031247,Kulin,WA,Wheat,345005,922940
2024-25,509031248,Murray,WA,Barley,1257,6068
2024-25,509031248,Murray,WA,Canola,1864,4190
2024-25,509031248,Murray,WA,Lupins,639,77
2024-25,509031248,Murray,WA,Oats,2657,9917
2024-25,509031248,Murray,WA,Wheat,1063,135
2024-25,509031249,Narrogin,WA,Barley,5127,28536
2024-25,509031249,Narrogin,WA,Canola,2695,9937
2024-25,509031249,Narrogin,WA,Lupins,991,943
2024-25,509031249,Narrogin,WA,Oats,6900,37007
2024-25,509031249,Narrogin,WA,Wheat,3764,29449
2024-25,509031250,Wagin,WA,Barley,83836,389919
2024-25,509031250,Wagin,WA,Canola,75331,170241
2024-25,509031250,Wagin,WA,Faba beans,428,360
2024-25,509031250,Wagin,WA,Field peas,117,5
2024-25,509031250,Wagin,WA,Lupins,17398,6930
2024-25,509031250,Wagin,WA,Oats,89228,225645
2024-25,509031250,Wagin,WA,Wheat,41745,136365
2024-25,510011265,Kununurra,WA,Chickpeas,373,1529
2024-25,510011265,Kununurra,WA,Maize,1477,10054
2024-25,510011265,Kununurra,WA,Sorghum,558,2722
2024-25,511011274,Esperance,WA,Barley,958,5744
2024-25,511011274,Esperance,WA,Canola,1057,4164
2024-25,511011274,Esperance,WA,Wheat,1379,13662
2024-25,511011275,Esperance Surrounds,WA,Barley,195201,736389
2024-25,511011275,Esperance Surrounds,WA,Canola,310343,541612
2024-25,511011275,Esperance Surrounds,WA,Faba beans,3934,3958
2024-25,511011275,Esperance Surrounds,WA,Field peas,19218,30868
2024-25,511011275,Esperance Surrounds,WA,Lentils,11859,11814
2024-25,511011275,Esperance Surrounds,WA,Lupins,9062,4448
2024-25,511011275,Esperance Surrounds,WA,Oats,6512,2178
2024-25,511011275,Esperance Surrounds,WA,Wheat,475025,1097270
2024-25,511041286,Geraldton - East,WA,Barley,200,296
2024-25,511041286,Geraldton - East,WA,Canola,138,425
2024-25,511041286,Geraldton - East,WA,Lupins,292,74
2024-25,511041286,Geraldton - East,WA,Oats,196,32
2024-25,511041286,Geraldton - East,WA,Wheat,915,8215
2024-25,511041287,Geraldton - North,WA,Barley,387,1113
2024-25,511041287,Geraldton - North,WA,Canola,525,1516
2024-25,511041287,Geraldton - North,WA,Lupins,276,431
2024-25,511041287,Geraldton - North,WA,Wheat,595,5095
2024-25,511041289,Irwin,WA,Barley,1331,6777
2024-25,511041289,Irwin,WA,Canola,12892,15196
2024-25,511041289,Irwin,WA,Lupins,9125,12181
2024-25,511041289,Irwin,WA,Oats,537,88
2024-25,511041289,Irwin,WA,Wheat,27411,88357
2024-25,511041291,Morawa,WA,Barley,41045,169842
2024-25,511041291,Morawa,WA,Canola,104713,230551
2024-25,511041291,Morawa,WA,Field peas,1108,1852
2024-25,511041291,Morawa,WA,Lentils,116,85
2024-25,511041291,Morawa,WA,Lupins,48569,79040
2024-25,511041291,Morawa,WA,Oats,5598,1780
2024-25,511041291,Morawa,WA,Wheat,595426,2060820
2024-25,511041292,Northampton - Mullewa - Greenough,WA,Barley,25008,45714
2024-25,511041292,Northampton - Mullewa - Greenough,WA,Canola,97037,182282
2024-25,511041292,Northampton - Mullewa - Greenough,WA,Field peas,344,172
2024-25,511041292,Northampton - Mullewa - Greenough,WA,Lentils,258,190
2024-25,511041292,Northampton - Mullewa - Greenough,WA,Lupins,72053,100606
2024-25,511041292,Northampton - Mullewa - Greenough,WA,Oats,4652,1224
2024-25,511041292,Northampton - Mullewa - Greenough,WA,Wheat,456878,1341458
2024-25,602031060,Longford,Tas,Wheat,261,2025
2024-25,602031061,Northern Midlands,Tas,Barley,2832,16595
2024-25,602031061,Northern Midlands,Tas,Canola,827,3261
2024-25,602031061,Northern Midlands,Tas,Oats,292,925
2024-25,602031061,Northern Midlands,Tas,Wheat,2404,18620
2024-25,602031062,Perth - Evandale,Tas,Canola,307,1210
2024-25,603011065,Central Highlands,Tas,Barley,397,2293
2024-25,603011065,Central Highlands,Tas,Wheat,206,1794
2024-25,603011067,Southern Midlands,Tas,Barley,850,4914
2024-25,604011076,Burnie - Ulverstone Surrounds,Tas,Wheat,575,4638
2024-25,604031096,Waratah,Tas,Wheat,813,6550
2024-25,801041043,Hall,ACT,Wheat,1912,15638
