state,port,facility,wheat_mt,barley_mt,canola_mt,other_mt,total_mt,note
WA,Albany,Albany CBH,1.34,1.5,0.72,0.14,3.69,
WA,Bunbury,Bunbury WAPRES,0.3,0.54,0.1,0.21,1.14,
WA,Esperance,Esperance CBH,1.72,1.0,0.73,0.0,3.46,
WA,Geraldton,Geraldton CBH,2.89,0.11,0.42,0.28,3.69,
WA,Kwinana,Kwinana CBH,3.67,1.33,1.02,0.18,6.2,
SA,Port Adelaide,Port Adelaide Viterra,1.52,0.62,0.27,0.31,2.72,
SA,Port Giles,Port Giles Viterra,0.41,0.22,0.02,0.16,0.81,
SA,Port Lincoln,Port Lincoln Viterra,1.02,0.36,0.17,0.06,1.61,
SA,Thevenard,Thevenard Viterra,0.24,0.02,0.0,0.0,0.26,
SA,Wallaroo,Wallaroo Viterra,0.34,0.15,0.0,0.05,0.54,a value shown as <0.01 Mt was set to 0
SA,Port Adelaide,Port Adelaide Semaphore,0.02,0.07,0.03,0.23,0.35,
SA,Lucky Bay,Lucky Bay T-Ports,0.48,0.08,0.0,0.0,0.56,
SA,Port Pirie,Port Pirie ADM,0.0,0.0,0.0,0.0,0.0,not operational in 2021-22
SA,Port Adelaide,Port Adelaide Cargill,0.25,0.06,0.0,0.05,0.36,
Vic,Geelong,Geelong GrainCorp,1.25,0.76,0.56,0.0,2.57,
Vic,Melbourne,Melbourne Emerald,1.02,0.12,0.08,0.0,1.21,
Vic,Portland,Portland GrainCorp,0.44,0.13,0.2,0.0,0.77,
Vic,Portland,Portland Riordan,0.09,0.02,0.07,0.14,0.32,
Vic,Geelong,Geelong Riordan,0.2,0.27,0.1,0.13,0.71,
Vic,Portland,Portland Port of Portland,0.26,0.03,0.1,0.09,0.47,
NSW,Newcastle,Carrington GrainCorp,1.23,0.06,0.05,0.32,1.65,
NSW,Newcastle,Newcastle NAT,1.25,0.0,0.0,0.09,1.35,
NSW,Port Kembla,Port Kembla GrainCorp,0.93,0.2,0.84,0.0,1.97,
NSW,Port Kembla,Port Kembla Quattro,1.25,0.0,0.0,0.0,1.25,
Qld,Brisbane,Murarrie QBT,0.47,,,0.03,0.63,
Qld,Brisbane,Fisherman Islands GrainCorp,1.16,,,0.0,1.38,
Qld,Gladstone,Gladstone GrainCorp,0.07,,,0.0,0.27,
Qld,Mackay,Mackay GrainCorp,0.04,,,0.0,0.29,
Qld,Brisbane,Pinkenba BCS,0.17,,,0.03,0.28,"label corrected from ""Pineknba BCS"""
Qld,Brisbane,Pinkenba Wagner,0.03,,,0.0,0.06,"label corrected from ""Wagner BCS"""
