map_name,lat,lon,source
Australia,-24.499,134.436,"Natural Earth 110m country (interior point, mapshaper -points inner)"
Bangladesh,23.914,90.08,"Natural Earth 110m country (interior point, mapshaper -points inner)"
Belgium,50.652,4.582,"Natural Earth 110m country (interior point, mapshaper -points inner)"
China,32.647,106.118,"Natural Earth 110m country (interior point, mapshaper -points inner)"
Egypt,26.425,29.655,"Natural Earth 110m country (interior point, mapshaper -points inner)"
Fiji,-16.395,61.183,"Natural Earth 110m country (interior point, mapshaper -points inner)"
France,46.607,2.339,"Natural Earth 110m country (interior point, mapshaper -points inner)"
Germany,51.249,9.974,"Natural Earth 110m country (interior point, mapshaper -points inner)"
India,22.786,79.563,"Natural Earth 110m country (interior point, mapshaper -points inner)"
Indonesia,-0.38,101.628,"Natural Earth 110m country (interior point, mapshaper -points inner)"
Iran,32.377,54.294,"Natural Earth 110m country (interior point, mapshaper -points inner)"
Iraq,32.908,43.536,"Natural Earth 110m country (interior point, mapshaper -points inner)"
Japan,35.954,138.428,"Natural Earth 110m country (interior point, mapshaper -points inner)"
Kuwait,29.433,47.64,"Natural Earth 110m country (interior point, mapshaper -points inner)"
Malaysia,2.86,114.101,"Natural Earth 110m country (interior point, mapshaper -points inner)"
Mozambique,-14.905,37.948,"Natural Earth 110m country (interior point, mapshaper -points inner)"
Myanmar,21.264,96.158,"Natural Earth 110m country (interior point, mapshaper -points inner)"
Netherlands,52.39,5.42,"Natural Earth 110m country (interior point, mapshaper -points inner)"
New Zealand,-44.799,169.873,"Natural Earth 110m country (interior point, mapshaper -points inner)"
Nigeria,9.548,7.995,"Natural Earth 110m country (interior point, mapshaper -points inner)"
Oman,21.83,57.222,"Natural Earth 110m country (interior point, mapshaper -points inner)"
Pakistan,29.477,69.067,"Natural Earth 110m country (interior point, mapshaper -points inner)"
Papua New Guinea,-5.813,143.843,"Natural Earth 110m country (interior point, mapshaper -points inner)"
Philippines,16.795,121.283,"Natural Earth 110m country (interior point, mapshaper -points inner)"
Saudi Arabia,24.069,44.511,"Natural Earth 110m country (interior point, mapshaper -points inner)"
Singapore,1.295,103.854,Natural Earth 10m populated places
South Africa,-29.372,23.671,"Natural Earth 110m country (interior point, mapshaper -points inner)"
South Korea,36.357,127.971,"Natural Earth 110m country (interior point, mapshaper -points inner)"
Sudan,16.193,29.707,"Natural Earth 110m country (interior point, mapshaper -points inner)"
Taiwan,23.75,120.939,"Natural Earth 110m country (interior point, mapshaper -points inner)"
Tanzania,-6.089,34.837,"Natural Earth 110m country (interior point, mapshaper -points inner)"
Thailand,15.276,101.0,"Natural Earth 110m country (interior point, mapshaper -points inner)"
United Arab Emirates,23.538,54.472,"Natural Earth 110m country (interior point, mapshaper -points inner)"
Vietnam,21.754,105.306,"Natural Earth 110m country (interior point, mapshaper -points inner)"
Yemen,15.27,46.123,"Natural Earth 110m country (interior point, mapshaper -points inner)"
